name,gridid,sector,product_type,deployment_type,product_ids,url,admin_url,has_main_product,logo_url,original_file_type,converted
Hivemapper,16,Data & Analytics,DePin,Deployed,22,https://explorer.thegrid.id/profiles/Hivemapper,https://data.thegrid.id/app/dashboard#profile=16,Yes,https://img.thegrid.id/upload/f631b911687d0ede5c3ca753d01bf22d3852f6869e599be0e781e5f09ce63ce1.svg,image/svg+xml,Yes
Vybe Network,33,Data & Analytics,OnChain Data API,Supported,22,https://explorer.thegrid.id/profiles/Vybe_Network,https://data.thegrid.id/app/dashboard#profile=33,Yes,https://img.thegrid.id/upload/452a42e7640c982f43ffc0dfeb2d36751ef5d5d031e546df1a73c4d88888c550.svg,image/svg+xml,Yes
SolanaFM,36,Data & Analytics,Explorer,Supported,22,https://explorer.thegrid.id/profiles/SolanaFM,https://data.thegrid.id/app/dashboard#profile=36,Yes,https://img.thegrid.id/upload/cca9fb25c057cd52d3ca0bb694e88e46c33c122fde829102d90b713217c9c7d9.svg,image/svg+xml,Yes
Solscan,37,Data & Analytics,Explorer,Supported,22,https://explorer.thegrid.id/profiles/Solscan,https://data.thegrid.id/app/dashboard#profile=37,Yes,https://img.thegrid.id/upload/b69e6b2f24893d074b22cccb4c51aeb01b237f9a7585abcbc6f04008fca9cb51.svg,image/svg+xml,Yes
Solana Beach,38,Data & Analytics,Explorer,Supported,22,https://explorer.thegrid.id/profiles/Solana_Beach,https://data.thegrid.id/app/dashboard#profile=38,Yes,https://img.thegrid.id/upload/bde5fe416bd13c468f8e362c21601505fce0e88e9c0d44653f68c1323409c9a2.svg,image/svg+xml,Yes
Birdeye,52,Data & Analytics,Digital Assets Terminal,Supported,22,https://explorer.thegrid.id/profiles/Birdeye,https://data.thegrid.id/app/dashboard#profile=52,Yes,https://img.thegrid.id/upload/b499c3ed7ea75b6cff1a96aed1a0fe1391bd3bdce805730585eca17cfb98c2b7.svg,image/svg+xml,Yes
Hello Moon,54,Data & Analytics,OnChain Data API,Supported,22,https://explorer.thegrid.id/profiles/Hello_Moon,https://data.thegrid.id/app/dashboard#profile=54,Yes,https://img.thegrid.id/upload/b39a40bcbafa771560623db4b4565cb7c5f4bb14c10c7b5e6861be92d0f47a4f.svg,image/svg+xml,Yes
Step Finance,57,Data & Analytics,Digital Assets Terminal,Supported,22,https://explorer.thegrid.id/profiles/Step_Finance,https://data.thegrid.id/app/dashboard#profile=57,Yes,https://img.thegrid.id/upload/67894b33c5f9b271c6619ddbd8f4f51c0e346f30ee06ee29de881450231540de.svg,image/svg+xml,Yes
SonarWatch,79,Data & Analytics,Digital Assets Terminal,Supported,22,https://explorer.thegrid.id/profiles/SonarWatch,https://data.thegrid.id/app/dashboard#profile=79,Yes,https://img.thegrid.id/upload/64d11fc87029503619a5d1d29f09fb1d846bd93fe35bfa4022ab0f99414a202c.svg,image/svg+xml,Yes
Pyth Network,93,Data & Analytics,Oracle,Deployed,22,https://explorer.thegrid.id/profiles/Pyth_Network,https://data.thegrid.id/app/dashboard#profile=93,Yes,https://img.thegrid.id/upload/510979b1e8232f0e1e707ed515c3abaf6db5ac2d5c5c325ea935612ce8dfe9b1.svg,image/svg+xml,Yes
Chainalysis,240,Data & Analytics,OnChain Data API,Supported,22,https://explorer.thegrid.id/profiles/Chainalysis,https://data.thegrid.id/app/dashboard#profile=240,Yes,https://img.thegrid.id/harvest/ed250e855f811d666c5fe7476cdadca3063ef6b9f9aa7aaad5123aaebbea317c.png,image/png,No
The Grid,254,Data & Analytics,Data,Supported,22,https://explorer.thegrid.id/profiles/The_Grid,https://data.thegrid.id/app/dashboard#profile=254,Yes,https://img.thegrid.id/upload/14e32a7f199cd38e02cdfb159e8359c723bbbe21cf13a8edd8987f75655240c7.svg,image/svg+xml,Yes
Cielo,931,Data & Analytics,Digital Assets Terminal,Supported,22,https://explorer.thegrid.id/profiles/Cielo,https://data.thegrid.id/app/dashboard#profile=931,Yes,https://img.thegrid.id/upload/1e893eb6e5d41b44ab49d8b6b70309bc862c4d915a07a3403e4b34311799e945.svg,image/svg+xml,Yes
Reclaim Protocol,1144,Data & Analytics,Decentralised Identity,Supported,22,https://explorer.thegrid.id/profiles/Reclaim_Protocol,https://data.thegrid.id/app/dashboard#profile=1144,Yes,https://img.thegrid.id/upload/a3eaa121a6523a11ae133922af98d3574a686c7dc28a20d13685d0fdb818194c.svg,image/svg+xml,Yes
Moralis,1148,Data & Analytics,OnChain Data API,Supported,22,https://explorer.thegrid.id/profiles/Moralis,https://data.thegrid.id/app/dashboard#profile=1148,No,https://img.thegrid.id/upload/f7e2d1dfd3a0545373f57184043c78b5b8ebe92971640c54f35a344ea8c8df5e.svg,image/svg+xml,Yes
DEX Screener,1152,Data & Analytics,Digital Assets Terminal,Supported,22,https://explorer.thegrid.id/profiles/DEX_Screener,https://data.thegrid.id/app/dashboard#profile=1152,Yes,https://img.thegrid.id/upload/6b0838897857262134f7a953b6665fd8848965c8275aac936e6a10e6f873bb57.png,image/png,No
Atlas3,1196,Data & Analytics,Digital Assets Terminal,Supported,22,https://explorer.thegrid.id/profiles/Atlas3,https://data.thegrid.id/app/dashboard#profile=1196,Yes,https://img.thegrid.id/harvest/28d837426c1c6583931f2bf757c5193eff5d0a3cf8c3abbb783f234bc38ca37f.svg,image/svg+xml,Yes
Allium,1212,Data & Analytics,OnChain Data API,Supported,22,https://explorer.thegrid.id/profiles/Allium,https://data.thegrid.id/app/dashboard#profile=1212,Yes,https://img.thegrid.id/harvest/51c02767c64dccba7ab4ef05eeb5c5264e9eb98165a7bcdcee08e13464a7c6d1.png,image/png,No
KairosTerminal,1216,Data & Analytics,Digital Assets Terminal,Deployed,22,https://explorer.thegrid.id/profiles/KairosTerminal,https://data.thegrid.id/app/dashboard#profile=1216,Yes,https://img.thegrid.id/upload/2d717a7f5b44444a7956710a428873651a6c1187f11d52c6944259f42885d1b9.svg,image/svg+xml,Yes
Switchboard,1259,Data & Analytics,Oracle,Deployed,22,https://explorer.thegrid.id/profiles/Switchboard,https://data.thegrid.id/app/dashboard#profile=1259,Yes,https://img.thegrid.id/upload/ad4df613d4e03d0b612e5028f6bc8cb54a02012a3932942d1738b8bbb2f1b507.svg,image/svg+xml,Yes
Solana Compass,1264,Data & Analytics,Digital Assets Terminal,Supported,22,https://explorer.thegrid.id/profiles/Solana_Compass,https://data.thegrid.id/app/dashboard#profile=1264,No,https://img.thegrid.id/upload/16d5794c1f2e79a6a0a824f6826a7fb025e48b11e74d6d7e0e435abde4931ef6.png,image/png,No
Cubik,1301,Data & Analytics,Launch Pad,Supported,22,https://explorer.thegrid.id/profiles/Cubik,https://data.thegrid.id/app/dashboard#profile=1301,Yes,https://img.thegrid.id/upload/5564c1da263ad9ef08fa57c1142bf455eb0f3ff13e07ccdaa365660f708ce408.svg,image/svg+xml,Yes
CoinGecko,1321,Data & Analytics,Digital Assets Terminal,Supported,22,https://explorer.thegrid.id/profiles/CoinGecko,https://data.thegrid.id/app/dashboard#profile=1321,Yes,https://img.thegrid.id/upload/9a192e18bdc71a097372f9e202c0378d8bbc5915cfa2637870951849af93591c.png,image/png,No
Nansen,1335,Data & Analytics,Digital Assets Terminal,Supported,22,https://explorer.thegrid.id/profiles/Nansen,https://data.thegrid.id/app/dashboard#profile=1335,Yes,https://img.thegrid.id/upload/148264d92467eb55a9403a7440142f15cc87d77111934fe9b48fc6944a1cd55d.svg,image/svg+xml,Yes
Dune,1336,Data & Analytics,Digital Assets Terminal,Supported,22,https://explorer.thegrid.id/profiles/Dune,https://data.thegrid.id/app/dashboard#profile=1336,Yes,https://img.thegrid.id/upload/9edb146f35524dbc72dab43184bd0985e9cdc5eef95fd4c38d2a3b1eba940e9e.svg,image/svg+xml,Yes
The Tie,1406,Data & Analytics,Digital Assets Terminal,Supported,22,https://explorer.thegrid.id/profiles/The_Tie,https://data.thegrid.id/app/dashboard#profile=1406,Yes,https://img.thegrid.id/upload/0eb97e5cb1c8aecf9a2eb6f4d1d41ff06aada5dc61ff5ca8642cec0ba9c9240f.svg,image/svg+xml,Yes
YutiBot,1444,Data & Analytics,Trading Bot,Supported,22,https://explorer.thegrid.id/profiles/YutiBot,https://data.thegrid.id/app/dashboard#profile=1444,Yes,https://img.thegrid.id/upload/d1bdfbd465f59382611d3f93091c46fb7c885859fc97326a46223ac04fb0fe71.svg,image/svg+xml,Yes
Don't Forget To Blink (DFTB),1458,Data & Analytics,Digital Assets Terminal,Supported,22,https://explorer.thegrid.id/profiles/Don_t_Forget_To_Blink_DFTB_,https://data.thegrid.id/app/dashboard#profile=1458,Yes,https://img.thegrid.id/upload/9033a0a309684fe3c032e344473589eb39b0700232b3f67605cb22a64a88284f.png,image/png,No
BlinkFans,1460,Data & Analytics,Digital Assets Terminal,Deployed,22,https://explorer.thegrid.id/profiles/BlinkFans,https://data.thegrid.id/app/dashboard#profile=1460,Yes,https://img.thegrid.id/upload/d0adeaae5606b47940133ffe21090c6ae5727aad9bfa108fb92d5155f84e9b08.png,image/png,No
CIDO Ai,1528,Data & Analytics,OnChain Data API,Supported,22,https://explorer.thegrid.id/profiles/CIDO_Ai,https://data.thegrid.id/app/dashboard#profile=1528,Yes,https://img.thegrid.id/harvest/696090caef6e6f341f25dc9dda819a7c9fa35cb4fe3d92413b62009d18b119bc.svg,image/svg+xml,Yes
The Graph,1851,Data & Analytics,OnChain Data API,Supported,22,https://explorer.thegrid.id/profiles/The_Graph,https://data.thegrid.id/app/dashboard#profile=1851,Yes,https://img.thegrid.id/upload/82b09581fe5ff521e42dc5009ab5d2ff4c25b91f68ee128c45ee1380037a729b.svg,image/svg+xml,Yes
Google,1852,Data & Analytics,Developer Tooling,Supported,22,https://explorer.thegrid.id/profiles/Google,https://data.thegrid.id/app/dashboard#profile=1852,Yes,https://img.thegrid.id/upload/ed16e88b25bc4ca874ce4e7e890c79c7dc706d1dc0301048355f9feaa91a06be.svg,image/svg+xml,Yes
Flipside,1857,Data & Analytics,Data,Supported,22,https://explorer.thegrid.id/profiles/Flipside,https://data.thegrid.id/app/dashboard#profile=1857,Yes,https://img.thegrid.id/upload/9728e480a8efa19e62a0bcef484c7bdd8582e221a2984bd393e5e2cd33ab3341.svg,image/svg+xml,Yes
Token Terminal,1868,Data & Analytics,Developer Tooling,Supported,22,https://explorer.thegrid.id/profiles/Token_Terminal,https://data.thegrid.id/app/dashboard#profile=1868,Yes,https://img.thegrid.id/upload/c5c35926bd9536799336e8b87e87bf225e1b6f313577af21b02eb0f8a2300a36.svg,image/svg+xml,Yes
Solstis,2445,Data & Analytics,Explorer,Deployed,22,https://explorer.thegrid.id/profiles/Solstis,https://data.thegrid.id/app/dashboard#profile=2445,Yes,https://img.thegrid.id/upload/e1f68c064a49650678d301bab7bb7aed4bebd7fcd52c0dc606d82e1135056ee5.png,image/png,No
Cryptoslam,2446,Data & Analytics,Data,Supported,22,https://explorer.thegrid.id/profiles/Cryptoslam,https://data.thegrid.id/app/dashboard#profile=2446,Yes,https://img.thegrid.id/harvest/8df32aa35d3ca5851a864335b8b7c59d4ba20d33e5468e5fc0f4b98fbe91be19.png,image/png,No
Synesis One,3145,Data & Analytics,Data,Deployed,22,https://explorer.thegrid.id/profiles/Synesis_One,https://data.thegrid.id/app/dashboard#profile=3145,Yes,https://img.thegrid.id/upload/fb887e24e3b7eef5c5c1a90fee936f032c6283821a211350adfb529c9e3a6188.svg,image/svg+xml,Yes