name,gridid,sector,status_name,product_type,asset_type,logo_url
Solana,88,Blockchain Platforms,Active,L1,Currency,https://img.thegrid.id/upload/a8ea71ac63e8e30a92fc4b4b4cc6583c4317a69c52c0e321902662b21439a575.svg
Jupiter,89,Finance,Active,DEX Aggregator ,Governance,https://img.thegrid.id/upload/93b2ba6d5d68fdfb658773bceece20fb9e02c951fbe026c56c02d5f927bd8350.svg
Raydium,90,Finance,Active,Decentralised Exchange,Governance,https://img.thegrid.id/upload/f88b86cfba17e96efd33f04719e9cf1a704c60a89a6e28af71489016c0262317.svg
Solflare,93,Asset Management,Active,Wallet,N/A,https://img.thegrid.id/harvest/b856a0d5f5bf35b026aa26ae328070c45a837fb2d3e9e1fc34526ccc3b51b1bd.png
Mad Lads,94,NFTs,Active,N/A,NFT,https://img.thegrid.id/harvest/95b21fd47c5aa92b13ec1c93d0eb2177a34571dd14d46a83ee7ed1ba0f952c89.svg
Nosana,95,Infrastructure,Active,DePin,Utility,https://img.thegrid.id/harvest/313b5bbc52f937422601bd1aacefb1bd8c5719d2d7eff460e31b1c5c4ba761ce.svg
Hivemapper,106,Data & Analytics,Active,DePin,Utility,https://img.thegrid.id/upload/f631b911687d0ede5c3ca753d01bf22d3852f6869e599be0e781e5f09ce63ce1.svg
Helius,107,Developer Tooling,Active,RPC Provider,N/A,https://img.thegrid.id/harvest/25aacbeb5a8dc42808ed172a52c8fd21ad8d213b0550d691c9d6978a90e1ea73.svg
Wormhole,108,Infrastructure,Active,Bridge,Utility,https://img.thegrid.id/upload/df2bbc0e110596ec97172de9e2bb1ad405fbb390da26590f73d2567b98b7e073.svg
Render Network,109,Infrastructure,Active,DePin,"Utility, Utility",https://img.thegrid.id/upload/eaf94a173a0950b22a57dafb7af51ad2ebb238a2eaaf6b83d50dce4ca201c047.svg
Grass,110,Infrastructure,Active,Data,N/A,https://img.thegrid.id/upload/375c44306da5a2f70bef253c2fe41b28bf91cbe4b46ee0b201305620255e5502.svg
Squads,111,Asset Management,Active,Multi-Sig Wallet,N/A,https://img.thegrid.id/upload/f8ca91e8a904c934d6e060fcae308cddfc770f7e9e02ac000e7051bdeab7d83a.png
Tensor,112,NFTs,Active,NFT Marketplace,"NFT, Governance",https://img.thegrid.id/upload/4b32eaac23cd1576cdb5015dc97ac66b0a2d078acb6642c9b5ab75bcff110bf4.png
Backpack,113,Asset Management,Active,Wallet,N/A,https://img.thegrid.id/upload/23a4c498b265544559ab2b5c08b7bca13830019920593f98bf6897d0ef41d6c9.svg
Save,114,Finance,Active,Decentralised Borrowing & Lending,"Digital Reward Assets, Utility",https://img.thegrid.id/upload/ecc1cd4a8c357ecb44990c22222f6ae581cff1635ebd17bcccf6f09afdc4e130.svg
Solblaze,115,Infrastructure,Active,Liquid Staking,Governance,https://img.thegrid.id/upload/4ff57fe6059c872345e000fa68228b0ca95323adb986d1b735a4e5a64e30f271.svg
Marginfi,126,Finance,Active,Decentralised Borrowing & Lending,"Stablecoin, -",https://img.thegrid.id/upload/746fc3224be548e879b530894e8ce3ba7badeda84fbf65e43a6e6485d0223892.svg
Vybe Network,127,Data & Analytics,Active,OnChain Data API,N/A,https://img.thegrid.id/upload/452a42e7640c982f43ffc0dfeb2d36751ef5d5d031e546df1a73c4d88888c550.svg
Drift,128,Finance,Active,Decentralised Exchange,Governance,https://img.thegrid.id/upload/543509c72106157735b4457b789199723dfb6eb2872c379a2c6f1ca9b788242b.png
GooseFX,129,Finance,Active,Yield Aggregator,Utility,https://img.thegrid.id/upload/26ea3035cb8531bf595c9f560ea4e111674a4e99af3ade5c94151b0716476b97.svg
SolanaFM,130,Data & Analytics,Acquired,Explorer,N/A,https://img.thegrid.id/upload/cca9fb25c057cd52d3ca0bb694e88e46c33c122fde829102d90b713217c9c7d9.svg
Solana Beach,131,Data & Analytics,Active,Explorer,N/A,https://img.thegrid.id/upload/bde5fe416bd13c468f8e362c21601505fce0e88e9c0d44653f68c1323409c9a2.svg
Star Atlas,132,Gaming,Active,Game,"Utility, Governance",https://img.thegrid.id/upload/1f61cd5abce6df9280d6434ad105fc546eea0f033dbdf596e7a2ae65f2554791.png
Helium Network,133,Infrastructure,Active,DePin,"Utility, Utility",https://img.thegrid.id/upload/df94fb6a4d5a13aa5179949d4e9d5a18feb6ed17aa7652b359be9f1941f51189.svg
Credix Finance,134,Finance,Active,RWA Tokenisation Platform,N/A,https://img.thegrid.id/upload/48962db3412f9b425160aa01f2af79032253517021c042c10032e075e2479fb9.svg
Helio,135,Payments,Active,Payments Infrastructure,NFT,https://img.thegrid.id/upload/74538be5674f43330798d9bc30ef0f1ecbe7f70d9f5cf254fd80b7eab4c06e88.svg
Sphere,156,Payments,Active,Payments Infrastructure,N/A,https://img.thegrid.id/harvest/f5324f0176ad4f59f06ba2f5f31a5250846d5c9bc8a4ebaf3f9c804476512410.svg
Meteora,158,Finance,Active,Pool Software,Governance,https://img.thegrid.id/upload/77b3b01c21601e3d99b1f40895fbe9dcf26f5a66eefba933a83b4ec9de4e6622.svg
Hubble Protocol,159,Payments,Active,Stablecoin Issuance,Stablecoin,https://img.thegrid.id/upload/5a095b3a28b28779fb8b26b698607f0abe84d8e0cd76ade6555319c5659abac5.svg
Lifinity,160,Finance,Active,Yield Aggregator,"Governance, Utility",https://img.thegrid.id/upload/e9d71566e4700bd20cb5f646df8de74d5ec422b2ab4d1ae5b40caa9897353dd9.svg
Trust Wallet,161,Asset Management,Active,Wallet,-,https://img.thegrid.id/upload/6f3cccef527c0061892b220844d07d5e2343f4e4653070a07e3b4d2fd1b25409.svg
Birdeye,162,Data & Analytics,Active,Digital Assets Terminal,N/A,https://img.thegrid.id/upload/b499c3ed7ea75b6cff1a96aed1a0fe1391bd3bdce805730585eca17cfb98c2b7.svg
Moonly,163,NFTs,Active,Digital Assets Terminal,N/A,https://img.thegrid.id/upload/6a24387f02e7d2464db4e40e444acad00c199480a5f6eb8cde0c6a92ad04c162.svg
Hello Moon,164,Data & Analytics,Active,OnChain Data API,N/A,https://img.thegrid.id/upload/b39a40bcbafa771560623db4b4565cb7c5f4bb14c10c7b5e6861be92d0f47a4f.svg
Step Finance,165,Data & Analytics,Active,Digital Assets Terminal,"Governance, Utility",https://img.thegrid.id/upload/67894b33c5f9b271c6619ddbd8f4f51c0e346f30ee06ee29de881450231540de.svg
Orca,166,Finance,Active,Decentralised Exchange,"Governance, NFT",https://img.thegrid.id/upload/c5e72991f22ea5bf97ee711d9654dc7956bebc14b4c4691b560d686b0a28e7c9.svg
Marinade,167,Finance,Active,Liquid Staking,Governance,https://img.thegrid.id/harvest/03b01387777cb4112f8992b4fcc35d5bb5664d6cb36beac24536ebd406929c86.svg
Basis Markets,168,Finance,Active,Digital Assets Terminal,Utility,https://img.thegrid.id/upload/4299089897c8d3fd3324118dcd18349d5417954dac7b18027f4b4408fdc87c27.png
Allbridge,169,Infrastructure,Active,Bridge,N/A,https://img.thegrid.id/upload/c5556800b0839aa138649ca7f067f78cc97f9e81b3a5ffd445dd93b780e98897.svg
Lulo,171,Finance,Active,Decentralised Borrowing & Lending,N/A,https://img.thegrid.id/upload/9bd033414a87732c6d05d287d5519494b530fc0fba35d2fb8cafad615978c2e2.svg
Hawksight,172,Finance,Active,Decentralised Borrowing & Lending,"Utility, -",https://img.thegrid.id/upload/420b18b240c4cd5fc2d2a75ad7c96fa8074cd6d072477fa807d586237f5325c6.svg
Francium,173,Finance,Active,Decentralised Borrowing & Lending,N/A,https://img.thegrid.id/upload/a61abc3d533108dab79cca7770bb1cbac1fd13a7e970b1b055085abb8817758e.png
Sujiko,174,NFTs,Active,Derivatives ,N/A,https://img.thegrid.id/upload/bd14091640b18b950e7d6e4ad7e4eb856d93cc80699d074f2a1e5cd3ac58cc4b.png
Zeta Markets,175,Finance,Active,Decentralised Exchange,Utility,https://img.thegrid.id/upload/abc63dc65868341a1ad72564afbcd8c9bb9900664341d494b3a17b63bcb1d33a.svg
Cube Exchange,922,Finance,Active,Centralised Exchange,N/A,https://img.thegrid.id/harvest/e7b195254b526b5618cfcc4ffbf2d3be48eb1c0b925db9f1d8e8587e7417d4ad.png
LI.FI,923,Blockchain Platforms,Active,DEX Aggregator ,N/A,https://img.thegrid.id/upload/619fecaeb68be86a08db3e14aa246b9f275b9bf7ee8c8e1aaab683fbdb2f203c.svg
SonarWatch,924,Data & Analytics,Active,Digital Assets Terminal,N/A,https://img.thegrid.id/upload/64d11fc87029503619a5d1d29f09fb1d846bd93fe35bfa4022ab0f99414a202c.svg
Openbook,925,Finance,Active,Decentralised Exchange,N/A,https://img.thegrid.id/upload/78010a5d9ac2e2f0f052fecc1811a6e7d581c5cc8bbb4081efe513e7618d9f6e.svg
Phoenix,926,Finance,Active,Decentralised Exchange,N/A,https://img.thegrid.id/upload/1933574ce2590c7967b5e9f24df7247590edc2418ffe2ed8cf1286293747dcb8.svg
Hxro Network,927,Finance,Active,Decentralised Exchange,Utility,https://img.thegrid.id/upload/d7e662d6e98d2d0b9ed8c87c76b35f8d9e2bc24d768b4957b12b5dcb4ebfc7ce.svg
Cega,928,Finance,Active,Derivatives ,N/A,https://img.thegrid.id/upload/3abcfa5135ebb8541a129fd388dec1298f8b42d078e938e3bfa7ce3679be48d3.svg
Symmetry,929,Finance,Active,Decentralised Exchange,N/A,https://img.thegrid.id/upload/ee1b21d898f8746e049247d593b2b17a9dc262c19ce7bb6a1f6e6e33ae22ab14.svg
Lamas Finance,930,Gaming,Active,Game,Utility,https://img.thegrid.id/upload/dddf0b1970157b0196d8e4bacbbde9f724a775eb47afb0c806228b01f17ebc7d.svg
DeFi Land,931,Gaming,Active,Game,Utility,https://img.thegrid.id/harvest/569798650aec83d0fac3e6477be1a6b9ef866fd4cccd938a92cb4af519000ee2.svg
CUBE3,932,Security,Active,N/A,N/A,https://img.thegrid.id/harvest/ac8ff510fd8c7a198f3908ceae07cb06dc053c590a1878909f4f1fffe9a11f03.svg
Solanium,933,Finance,Active,Launch Pad,Utility,https://img.thegrid.id/harvest/5dc5d69d4cd72a3f7aa7246e271df9cb421469e08a122c6af94828361f070567.png
Metaplex,934,Developer Tooling,Active,NFT Issuance Platform,Utility,https://img.thegrid.id/upload/fcff7d747880fcf419398ba2fb6b33d187c623c337573cb458d56cc7762949d1.svg
Pyth Network,935,Data & Analytics,Active,Oracle,Governance,https://img.thegrid.id/upload/510979b1e8232f0e1e707ed515c3abaf6db5ac2d5c5c325ea935612ce8dfe9b1.svg
Mini Royale: Nations,937,Gaming,Active,Game,N/A,https://img.thegrid.id/upload/9cb0a620da7aa892e34a9a32076258049d98db89a07a23077f3fe02d1c259125.png
Aurory,938,Gaming,Active,Game,"Utility, NFT",https://img.thegrid.id/upload/3f6c32474c0b73dd3fe7feebb92a52f5911ee12546567208652481f512da0137.svg
Decimated,939,Gaming,Active,Game,Currency,https://img.thegrid.id/harvest/aab9e3ff2fc515c0e69cdc90445c26610e36e141a69c301dc97568e152e6b3d8.png
Phantom,940,Asset Management,Active,Wallet,N/A,https://img.thegrid.id/upload/538042787549ad0b5d3112e299abbaacd28d7fbd8b061c8b07d95918d80c4049.svg
Firedancer,941,Developer Tooling,Active,N/A,N/A,
Crossmint,942,Developer Tooling,Active,Custody Technology Provider,N/A,https://img.thegrid.id/harvest/ab94d0d7383316272faaf7e6fc67b4f88f314aad8f54e859116c7fb6074fdb46.svg
Figment,943,Developer Tooling,Active,Staking Infra,N/A,https://img.thegrid.id/upload/b388a4d5c4180b579909d5c62468f65b88a38a4e2b231d5683c754df84322bdd.png
Staking Facilities,944,Infrastructure,Active,Liquid Staking,N/A,https://img.thegrid.id/upload/33f76ce478bd4972a8a78483862a0453bd2dc399cbb30a39e23ccd7fcac5f5b8.svg
Everstake,945,Finance,Active,Staking Infra,N/A,https://img.thegrid.id/upload/6b3137c5fb1de078f3e7263c130630d07412dd9354acdb2d101aab050021a316.svg
Ledger,946,Asset Management,Active,Hardware Wallet,N/A,https://img.thegrid.id/harvest/088d1bf639f9a9e3f2ca38cf1ea4c88002c79d6f3e4706868aa3d9f27208109f.svg
Binance,947,Finance,Active,Centralised Exchange,Currency,https://img.thegrid.id/harvest/0dbd0ef33f3d3b0dd3710fc015d8799b3b978762dccc38f3fca1bf2e9e424493.png
Jump Crypto,948,Infrastructure,Active,Node Software,N/A,https://img.thegrid.id/upload/b9ab017b7c285a19f0525ab73be7a82f9933e60ab0d2bde1d1784ede634a9fba.svg
Kraken,949,Finance,Active,Centralised Exchange,N/A,https://img.thegrid.id/upload/fba353b7f250c4a8031a698561adf0f639b1508dea5d7f4cca9cb18be138241c.svg
Luganodes,950,Developer Tooling,Active,Node Software,N/A,https://img.thegrid.id/upload/105b3465cb8a135aa5fdc606c2a736372a8c0abcf7e723b4bb3fdfb42a289277.svg
Stepn,951,Gaming,Active,Game,"NFT, Utility",https://img.thegrid.id/harvest/a5d2fdef1268726d4764a97df9355018f88ef90f1bffc2f0e910143452118880.svg
Bonk,952,Meme,Active,N/A,Memecoin,https://img.thegrid.id/harvest/783fdad33e1b57820bfdee6d498197489def521699ebb71377fd1158c47a1ea6.png
Samoyedcoin,953,Meme,Active,N/A,Memecoin,https://img.thegrid.id/upload/f5a1f4c5b1656ab9b6d8ab702a1f5083371227cf3cf91e1809362cbf561a500f.svg
Claynosaurz,954,NFTs,Active,N/A,NFT,https://img.thegrid.id/upload/9ed10af97008f1ba7e51c95a04f7ee6d366a31739b9615fc26bee2ad08af7aa8.png
Magic Eden,955,NFTs,Active,NFT Marketplace,Governance,https://img.thegrid.id/upload/d28f3adb2cdc594e9b35f26725202ee7b608037a1bea0317176908112b8cfbef.png
SolSea,956,NFTs,Active,NFT Marketplace,N/A,https://img.thegrid.id/upload/13c32fed01cba782c49357211e85b123da9212178d9d85b74fcff2b33ddbdd27.svg
Quekz,957,NFTs,Active,N/A,NFT,https://img.thegrid.id/upload/9e7f83ebed228df6b7a4c572441ff59235c5ccbb9c048234561bfa01864913de.png
Sharky,958,Finance,Active,Decentralised Borrowing & Lending,"Governance, Utility, NFT",https://img.thegrid.id/harvest/84d5b6bef25ba2b306115c138d3998aede9845022899b04a7042a558e9a6a31d.png
Sling,960,Payments,Active,Wallet,N/A,https://img.thegrid.id/upload/a92e9ee766076b5693e76ebc5ac3834ff0a03a1cb0a6f2dbff90bc49e42cfd10.png
PIP,961,Payments,Active,On/Off Ramp,Utility,https://img.thegrid.id/harvest/e553bd083c3ff0ec3bf58d75f67f84723f5c46146559611ec1b89a95c595d51d.svg
Key App,962,Payments,Active,Wallet,N/A,https://img.thegrid.id/harvest/b9e4cb79927e868acc0b595cc458f3662ef35999b023d645159f06ac4f5ac36b.svg
Parcl,963,Finance,Active,RWA Tokenisation Platform,Utility,https://img.thegrid.id/upload/ec0754035b3a9800d293f8fcf9ab9bb44df6fe2a016a297c66c708cea170db30.png
Homebase,964,Finance,Active,RWA Tokenisation Platform,N/A,https://img.thegrid.id/upload/9f733d22af7617af1db45bd5bffb95e9987644b73d564227fc3045109ca0f87d.svg
Maple Finance,967,Finance,Active,Centralised Borrowing & Lending,N/A,https://img.thegrid.id/upload/ba69cf30e72a28c108bc90e2c3e0115d30358eb7b8ca2bbf624c4782b204ddbd.svg
Eclipse,968,Infrastructure,Active,L2,N/A,https://img.thegrid.id/upload/8a1331aa11f5c8b0ab80f4fe5a3ed9a30ebda0cea468b7a6ed626766c5228ed4.svg
Termina,969,Developer Tooling,Announced,Developer Tooling,N/A,https://img.thegrid.id/upload/f70456e9263d9a9a46322e5236ee85ee3fa92b97dfce5c851217a4b90f070879.svg
Mayan Finance,970,Infrastructure,Active,Bridge,N/A,https://img.thegrid.id/upload/69297c8e798b6d0eeb2bed40cea8ae4f6ab8d680d0c5e0358a91e30c39bfd652.svg
Neon EVM,971,Infrastructure,Active,Developer Tooling,Utility,https://img.thegrid.id/upload/fe29acbb213c8777ca72961aafbd3823031b2f64f6f86c428a4f2e241989a186.svg
DRiP Haus,972,Social,Active,NFT Issuance Platform,N/A,https://img.thegrid.id/upload/97c1e89f429cfb1f6945ab25c61d26c4e47a27e1cc6df5f87dd4d7c07f662ee9.svg
DogWifHat,973,Meme,Active,N/A,Memecoin,https://img.thegrid.id/upload/e7b7a94162900fbdf9670ec9f119f9b6573dd96d5eaf2e82618ef292ab8220d6.svg
Grapple,974,Developer Tooling,Active,Launch Pad,N/A,https://img.thegrid.id/upload/f047e37902caf34a47496df416085739ffe64e188fda89913b1124b32ab4e155.svg
MetaDAO,975,Finance,Active,DAO Management Platform,N/A,https://img.thegrid.id/upload/65335b1596dd375fad9fa8e3721e3322c537b7781a080de788e4cf009fdc945f.svg
DUAL Finance,976,Finance,Active,Derivatives ,N/A,https://img.thegrid.id/upload/40b9bebd320004e8e5afe57ca57718a6c24ce64583ef0059391a495920d82b5a.svg
Arcana Markets,977,Finance,Active,Trading Bot,N/A,https://img.thegrid.id/upload/8b7277d16d972dd8e83f03824e7fef5bb2e1ca2ce73c4a3c9118367ca9efa969.svg
Solayer,981,Infrastructure,Active,Liquid Staking,"-, Stablecoin",https://img.thegrid.id/upload/3c529ba68fb1afdfee36ed5563c7c672d43eda94752a87e8f1680c5bca4d54f4.svg
Rome Protocol,982,Infrastructure,Announced,Shared Sequencer,N/A,https://img.thegrid.id/upload/c998b526532cfdca49a6abe89b790cffd7cd9f3708bb61f8784a7032e8bdf7aa.svg
Anza,983,Infrastructure,Active,Developer Tooling,N/A,https://img.thegrid.id/upload/5e8355cb91748e15d2b53d72fd5488756e75329fcc975f9b0ce82f71cfd7b38d.svg
ALL.ART,985,NFTs,Active,NFT Marketplace,Utility,https://img.thegrid.id/upload/aff22595deeb395e1b1a43f9411d06e8804cc33056d46966061f91eb031e626a.svg
Credible Finance,987,Finance,Announced,Decentralised Borrowing & Lending,Governance,https://img.thegrid.id/upload/ac7129ff24e1fb8ca916026ccf4350061ff1959978a9424a3d4be4c630efce7f.png
Sandglass,988,Finance,Active,Decentralised Borrowing & Lending,N/A,https://img.thegrid.id/upload/50845f3ad00ddc9e22d6ee1a6fb03db0298d000b965866ff2333fd0e9a86ea53.svg
Superteam,989,Community & Events,Active,Grants Platform,N/A,https://img.thegrid.id/upload/7bf9e4b1e65632e08ac776c0e07060a38f2fbab5150d9ef070d63fe01f38ba75.svg
Picasso,991,Blockchain Platforms,Active,L1,Governance,https://img.thegrid.id/harvest/e00f604e98914e364df9451eb792916d8fb64e4cf61403da1bd6d22e35b16d40.svg
Composable Finance,992,Infrastructure,Active,Cross-chain Infrastructure,N/A,https://img.thegrid.id/upload/7e29b703fcd8411a0a0a9e390849d1f241919f9eac80bc31af2c31eb1d5d7486.svg
Jito,993,Infrastructure,Active,Developer Tooling,"Governance, -",https://img.thegrid.id/upload/a7b325d29b439a72c3eba99d433f94cca4736353066ebc8564d7f82572481091.svg
QuickNode,995,Developer Tooling,Active,"RPC Provider, Developer Tooling",N/A,https://img.thegrid.id/harvest/d45a0cd507d66f170d75c2398a6ec53a4195aafcb3ce439d408abe84016ca0df.png
AgriDex,996,Finance,Announced,RWA Tokenisation Platform,Governance,https://img.thegrid.id/upload/3eb136478fb09be9a41d92243889d6503be7b0084ef6222ca4f18c5dd3c10364.svg
ZkAGI,997,Developer Tooling,Announced,L2,Utility,https://img.thegrid.id/upload/3d42e85aa3b4beedf4e4074c6cad50d7871bad9797f0fff25bffa0955775393c.svg
Code,998,Payments,Active,Wallet,N/A,https://img.thegrid.id/upload/809d5fd5befa68dd2459672d78da134520e45fdcb9bd164e6b682a295e93d1f0.svg
io.net,999,Infrastructure,Active,DePin,Utility,https://img.thegrid.id/upload/cf33805c1e88ee5e29d835383016dbabdcedce5521ebed2369edd2202cbf35b6.svg
Chainalysis,1001,Data & Analytics,Active,OnChain Data API,N/A,https://img.thegrid.id/harvest/ed250e855f811d666c5fe7476cdadca3063ef6b9f9aa7aaad5123aaebbea317c.png
SOLSTORM,1002,Finance,Active,Launch Pad,Utility,https://img.thegrid.id/upload/fd808134c1e090796ecf294f4b9f3b6388ff9037c04e2ab9311f384b66d1e479.svg
Rain.fi,1003,Finance,Active,Decentralised Borrowing & Lending,Digital Reward Assets,https://img.thegrid.id/upload/9cd90be0c4dc7cc468ecf250eea00e84ea73a6588771b3b3b5edd5fa0673d260.svg
PayPal,1004,Payments,Active,N/A,Stablecoin,https://img.thegrid.id/harvest/d8e80a9ef76058165efcca7e60c3d68cba62d9dd2a80479d7178ff8d896ae8b8.png
Pump.fun,1005,Finance,Active,Launch Pad,N/A,https://img.thegrid.id/upload/54a252e8364da458aa4c0c84f83dbf58636d6694ceed823d04409d67f659c8ec.svg
Kado,1006,Payments,Active,On/Off Ramp,N/A,https://img.thegrid.id/harvest/7a6ed1b57250ba09f38288fd703d56b73f564bd46bd1ae8d1274731ad71f2bdd.png
The Grid,1007,Data & Analytics,Active,Data,N/A,https://img.thegrid.id/upload/14e32a7f199cd38e02cdfb159e8359c723bbbe21cf13a8edd8987f75655240c7.svg
Cielo,1042,Data & Analytics,Active,Digital Assets Terminal,N/A,https://img.thegrid.id/upload/1e893eb6e5d41b44ab49d8b6b70309bc862c4d915a07a3403e4b34311799e945.svg
Dynamic,1075,Developer Tooling,Active,Custody Technology Provider,N/A,https://img.thegrid.id/upload/373c1f95673e2add903505321fb189c50542cf9347d8e5fc3a8a04d9ec1c66f5.svg
Privy,1082,Asset Management,Active,Custody Technology Provider,N/A,https://img.thegrid.id/upload/47521424286ef54131dcfa69114e65812a52a13278083e0bf57fe64d1d1732a0.svg
Relay,1083,Infrastructure,Active,Cross-chain Infrastructure,N/A,https://img.thegrid.id/upload/7b6d233ec5bf8080d81c8abddf2a46f0c642bf0fb7ffad61c717da873125f96c.svg
Circle,1194,Payments,Active,Stablecoin Issuance,"Stablecoin, Stablecoin",https://img.thegrid.id/upload/e10ca2aaa006d641a7ddb17486fef62a982dfdabf90df17959de560a0843ea08.svg
EUROe,1195,Payments,Active,Stablecoin Issuance,Stablecoin,https://img.thegrid.id/upload/daaf31165344d8e79fa36feb9800147b252aa4af55edc770e848d09b83e86884.svg
Orion Tools,1196,Developer Tooling,Active,NFT Issuance Platform,N/A,https://img.thegrid.id/upload/299c816ddec5bc32130fc5bc23b0fc009b9359bef37b98a2bacae81e92ffb9e6.png
Ondo,1200,Finance,Active,RWA Tokenisation Platform,"Stablecoin, Security",https://img.thegrid.id/upload/8d21e4b4737d21a4df51a399dbf88106abd80aab6ef256781e717d64c00c7b03.svg
Coinbase,1202,Finance,Active,Centralised Exchange,N/A,https://img.thegrid.id/upload/fd39498ad8078bd7360c24a4c1af12ccfdb3f4b213858d6116a5ffe79def1d46.svg
BitGo,1203,Asset Management,Active,Custodian,N/A,https://img.thegrid.id/upload/21712baf3af499e14f5e3114ba1b7953dce393bcd2dff65de2c3712b77f87c02.svg
Teleport,1205,Payments,Active,Transport,N/A,https://img.thegrid.id/upload/78854dff48d6f67ac4c94016d87a66506c80f0b149ec348d385c600299b3ce4b.svg
Dialect,1210,Developer Tooling,Active,Developer Tooling,N/A,https://img.thegrid.id/upload/0cccb0d872b3974de7e1030f09d03421e9a3966192c41855cb3e2911fffed314.svg
ISC,1211,Finance,Active,Stablecoin Issuance,Stablecoin,https://img.thegrid.id/upload/fe2657fd615a9be60ba8826acd3d20db3befe3ee5e8a0ccce1df0758a3dd5173.svg
Sanctum,1212,Finance,Active,Liquid Staking,"Governance, -",https://img.thegrid.id/harvest/d4dc9d0a0e6a31db8d94ed9267500e0bbd602e6cd60ef063d3b798782ba44c98.svg
Genopets,1213,Gaming,Active,Game,"Governance, Utility",https://img.thegrid.id/upload/e9cdb33ce2700baa8fbf79043245ea39420822f89f0ade2fb6f954c246358a2a.png
Reclaim Protocol,1216,Data & Analytics,Active,Decentralised Identity,N/A,https://img.thegrid.id/upload/a3eaa121a6523a11ae133922af98d3574a686c7dc28a20d13685d0fdb818194c.svg
Triton One,1218,Developer Tooling,Active,RPC Provider,N/A,https://img.thegrid.id/upload/6559f5ce52043880c4f2e23c5e223aae028fa2af887cbc00b1678bf3a83a356c.svg
Koii Network,1219,Infrastructure,Active,"DePin, L1",Utility,https://img.thegrid.id/upload/8b7a75c0e75eba9c274675881dc105ce8b020623cf0fd56303e2e215a78c64a8.svg
Moralis,1220,Data & Analytics,Active,N/A,N/A,https://img.thegrid.id/upload/f7e2d1dfd3a0545373f57184043c78b5b8ebe92971640c54f35a344ea8c8df5e.svg
DEX Screener,1221,Data & Analytics,Active,Digital Assets Terminal,N/A,https://img.thegrid.id/upload/6b0838897857262134f7a953b6665fd8848965c8275aac936e6a10e6f873bb57.png
Taiyo Robotics,1225,NFTs,Active,Game,"NFT, NFT, NFT, Utility, NFT, NFT, Utility, NFT",https://img.thegrid.id/upload/9a71f761d47efcf5c256c2c6f62fa6682de26fc5921795f8be30823c563f963d.svg
Streamflow,1226,Payments,Active,FinOps Tooling,N/A,https://img.thegrid.id/upload/634fc91e8bd3fa0ebbf3ba58d1f9d0dd0ab6fe0cac85d7e8326a8c1b9a91b7d1.svg
The Backwoods,1227,Gaming,Active,Game,"-, -, NFT",https://img.thegrid.id/upload/ba47e5eb08e1b791fb225ce945b53dd04238d38348a304e27682e5bc1391e965.svg
Nyan Heroes,1229,Gaming,Announced,Game,"Utility, Utility, NFT",https://img.thegrid.id/upload/5c2c0bd8df48ef8b475dd56af53e057d98d69d4192caaffd545a0967fc3ddcc3.svg
Kamino Finance,1230,Finance,Active,Decentralised Borrowing & Lending,Utility,https://img.thegrid.id/harvest/cf76e8049d9f859c89ba9d7fb6c3771cc8dfdf682c38b7a19522f1d17d4842ae.png
Assisterr AI,1231,Developer Tooling,Active,Developer Tooling,N/A,https://img.thegrid.id/upload/7ad2dd0efd7afa35b055cec76aeabf01b16cdc3672e361e4b3e01b662622d8fc.png
Degen Coin Flip,1233,Gaming,Active,Gambling/Casino,NFT,https://img.thegrid.id/upload/12c6cdbc92272ae86ff96ee39b060f4563eb70a16d28d3e2f932a7a374504200.png
Honeyland,1235,Gaming,Active,Game,"Utility, NFT",https://img.thegrid.id/upload/2889a3e311369dc9bf44a144395be4d3b16d4d3dcfac8e33bb2f5c33880133cb.png
FluxBeam,1236,Finance,Active,Decentralised Exchange,Utility,https://img.thegrid.id/upload/ab39a232a6b4e0535452f8f5ffd1aee0b5cb36338739660395f4e5823fc0b89b.svg
Claim Your Sol,1237,Asset Management,Active,Dust Collector,N/A,https://img.thegrid.id/upload/24346a7421891871dd348ed6847211b56a23136a3fec54da8b84b4de97e7e9bf.png
Gummy on Sol,1238,Meme,Active,N/A,"Currency, Currency",https://img.thegrid.id/upload/3a40eb242f8536cb158453296ad2dde1bb68d09fed90f9c1299ee7bc62cc95bb.png
Sniper,1239,NFTs,Active,NFT Marketplace,N/A,https://img.thegrid.id/upload/bb239228b263005f3dc0faf190a0e31e6ee9a7d58d719674e643d0098631d3e0.svg
PinkSale,1241,Finance,Active,Launch Pad,Utility,https://img.thegrid.id/upload/844e49c53163a48a618c36cadd351280450b5a37c8d261251de232fdb0daac82.png
Bonk Rewards,1242,Finance,Active,Pool Software,N/A,https://img.thegrid.id/upload/a4b155f1039a964e7af1619b195e11d116b3aa06102cc99c3bca23f0e295f3ff.png
Solcasino.io,1243,Gaming,Active,Gambling/Casino,Utility,https://img.thegrid.id/upload/537a0e7b3a75a232e7374247506edc3c95b11369313fafe9818e0d6d51ad4a4d.svg
Pixiz,1244,Gaming,Active,Game,"Utility, Utility, NFT, NFT, NFT, NFT",https://img.thegrid.id/upload/ae19256e9cbbea66f1a60d18038ac2f4b8e681bbb7e8b51d601eac099f053aad.svg
Holdium,1245,Meme,Active,N/A,Memecoin,https://img.thegrid.id/upload/a9d99d594ce162799d283b347d94bc2669085de6b7b06b8a0bad3d0d691e2c6e.svg
Famous Foxes,1247,NFTs,Active,NFT Marketplace,"Currency, NFT, NFT, NFT, NFT",https://img.thegrid.id/upload/e02936cec11dc45da7903012046f2e93754b93fe4a89e0b639a63b25918e3833.png
Aethir,1248,Infrastructure,Active,DePin,N/A,https://img.thegrid.id/upload/705cae114628794fdc234440f532f8ac21000aedba7cab573c4bdb89b588e88d.svg
Flash Trade,1249,Finance,Active,Decentralised Exchange,NFT,https://img.thegrid.id/upload/186d2449f7228496dc4f815221d71fcff8076660503b2a40d5f1c49a4740c410.svg
MEMEPad,1250,Meme,Active,Launch Pad,Utility,https://img.thegrid.id/upload/8fd8d83433e2520637d806bd70e38ebe7af87604ab1a1d0091238a9b87961277.svg
LaunchMyNFT,1251,NFTs,Active,NFT Issuance Platform,N/A,https://img.thegrid.id/upload/b5436e2b7dda0308452c18ed49dbb783b528e6728c9f1bfbf7d32d4fb5cd2031.svg
Stoned Ape Crew,1252,NFTs,Active,N/A,"NFT, Utility, NFT",https://img.thegrid.id/harvest/c088ce41d7b3d0d3aa9f1fc7ead4c48d7d8ac42f28e093a29ef82ef4ba547c4d.png
Mango Markets,1253,Finance,Active,Decentralised Exchange,Governance,https://img.thegrid.id/upload/22fb8328b5115ca82b589311ad81c93e01a324c9d12156d6f59c58e8ff916a5d.svg
Dexlab,1254,Finance,Active,Decentralised Exchange,Utility,https://img.thegrid.id/upload/0e81feb20a4037a71ad81b0be1695e9224916b2111d574f2a301b2b512c32cc5.svg
Tillarys,1257,NFTs,Active,Game,"NFT, Utility",https://img.thegrid.id/upload/126f892a6a21f2a9cf1569aaad22af56c17cdb66b68a71928e367eb3e8b6dc4d.svg
Sol Asset Recovery,1258,Asset Management,Active,Dust Collector,N/A,https://img.thegrid.id/upload/9dc15d4a9fc98399a684dd17d39f7097fc2e373b6fa654786522bf9088238d3b.svg
Coconut Miner,1259,Finance,Active,Yield Aggregator,N/A,https://img.thegrid.id/upload/aa13e54704dc0fdd2209a1a067a05297ec711061d86b0f7ea76b51b7ca5742de.png
Sollong,1260,Infrastructure,Active,DePin,Utility,https://img.thegrid.id/upload/84d85da809d160c2bd9abe16944f8675a4a041eaaaf85b3fffc42aa9aa45ed06.svg
Slotana,1261,Gaming,Active,Gambling/Casino,Utility,https://img.thegrid.id/upload/d4f5d6379edf10125f94e314d31788f70d7d91d6cca7afcb4ec360dd552de1f0.svg
Zealy,1262,Social,Active,Social Platform,N/A,https://img.thegrid.id/upload/a0cab0e985227679eed030fd684fc21cf44fdc907ffe832512e183eccee1be84.svg
Atlas3,1263,Data & Analytics,Active,Digital Assets Terminal,N/A,https://img.thegrid.id/harvest/28d837426c1c6583931f2bf757c5193eff5d0a3cf8c3abbb783f234bc38ca37f.svg
Exchange.Art,1264,NFTs,Active,NFT Marketplace,N/A,https://img.thegrid.id/upload/0960ad8d0e6a7a4b61be241f035f539906a1474bde3d6e1de1283f7b56991790.svg
Portals,1265,Gaming,Active,Game,N/A,https://img.thegrid.id/upload/736c06dd831269caef8001d2066abf1cfe4281c4f567f399f980bc15b06a4c9f.svg
Memechan,1267,Meme,Active,Launch Pad,N/A,https://img.thegrid.id/upload/b75bb9e4fe794e6cfbadada70675d6402b098308391d338e4fb348585da96779.svg
The Heist,1268,Gaming,Active,Game,"Utility, Utility, NFT, NFT, NFT",https://img.thegrid.id/upload/335fb32a3e7a7b6c15cadfad6e6556e46405b3753fa4037f993edbaea0cf65f7.svg
Solana Sensei,1269,NFTs,Active,N/A,NFT,https://img.thegrid.id/upload/35d417c46edb57cbf54c00cf806fba10bb8dfbefaed359293deb29b96075c20a.svg
SuperSweep,1270,Gaming,Active,Gambling/Casino,N/A,https://img.thegrid.id/upload/f33b933861283fb3dac82f26e46f683d5afaf14fff926d76affc78cb30cc48b3.svg
RugCheck,1271,Security,Active,Risk Assessment,N/A,https://img.thegrid.id/upload/facdd94ccee6e1d5d3014a136acb8057cd862466d741ff474fa94bd2bb81e91e.png
Solsniffer,1272,Security,Active,Risk Assessment,N/A,https://img.thegrid.id/upload/cfaab60131ec77bcd9eb21141ae6461a3ad267c38b4d965acc31a910efa66196.svg
BullX,1273,Finance,Active,Trading Bot,N/A,https://img.thegrid.id/upload/6f21aa74ae56d56a93621246b99284d1ed0b010d5c73929fef9128ed7b8d65ee.svg
Zeus Network,1274,Infrastructure,Active,Messaging Protocol,Utility,https://img.thegrid.id/upload/a7db1db374dc55738537933216a3cc839f0667b4c080a76d4a3f1f29c8d732de.svg
DePlan,1275,Payments,Active,FinOps Tooling,Utility,https://img.thegrid.id/upload/3585a6def5d04faa74b9e069ed116879974882f547d768e64395400ef0617ffd.svg
DOOAR,1276,Finance,Active,Decentralised Exchange,N/A,https://img.thegrid.id/upload/0d3c67c4d14041ac86d3f81ec77546e7aa832dad2948109eeae25b6728c03668.svg
Allium,1278,Data & Analytics,Active,OnChain Data API,N/A,https://img.thegrid.id/harvest/51c02767c64dccba7ab4ef05eeb5c5264e9eb98165a7bcdcee08e13464a7c6d1.png
Moonpay,1279,Payments,Active,On/Off Ramp,N/A,https://img.thegrid.id/upload/f9df3bf2124b50450bff1e8be5eefc8d94efa4c9671aa1527645ee3b1d8d023c.svg
Padre,1280,Finance,Active,Decentralised Exchange,Utility,https://img.thegrid.id/upload/a74b7c9fe93fcd754669411a7b2e085e7317a280c0b612dc02052a8ce7e725d7.svg
KairosTerminal,1281,Data & Analytics,Active,Digital Assets Terminal,Utility,https://img.thegrid.id/upload/2d717a7f5b44444a7956710a428873651a6c1187f11d52c6944259f42885d1b9.svg
Amulet Protocol,1282,Finance,Active,Yield Aggregator,Utility,https://img.thegrid.id/upload/ec656a17efc68cb5967a1016b1cd6a1b35b32544bd2df8e00b970f69fc184409.svg
Skip,1283,Infrastructure,Active,Cross-chain Infrastructure,N/A,https://img.thegrid.id/upload/e83369b70bad23b8995f57604ba8f611028859e4d75da0a4b266d9ffbd5e7714.svg
Peer,1285,Payments,Active,Wallet,N/A,https://img.thegrid.id/upload/02f96cd2db1f0ff4c9880297ca75446b6491ee12906b5f4bbe387a368041ab81.svg
Jambo,1288,Infrastructure,Active,Mobile Phone,N/A,https://img.thegrid.id/upload/00ccb36fa447eec0b906ac6d3fb718b3d36e6b24a9a9b0b12bd00cce9f02d480.png
dVIN,1290,Supply chain,Announced,Decentralised Exchange,Utility,https://img.thegrid.id/upload/78c91acb1ab916fc6d9639cfe9a15583b33b116692f7a8a60c0fff45ffb25ba0.svg
Baxus,1291,Supply chain,Active,NFT Marketplace,N/A,https://img.thegrid.id/harvest/d439476f1a89be4a57f8e9e745f07ef6308d704b729ef120b63977e1b1ac1cbb.svg
Elmnts,1292,Finance,Announced,RWA Tokenisation Platform,N/A,https://img.thegrid.id/harvest/3c45f4c46070cd2793d3c03d9bb039280fd3067e941f2fe43568c75071ee6456.svg
MetaWealth,1293,Finance,Active,RWA Tokenisation Platform,N/A,https://img.thegrid.id/upload/db0b3092d58cfcba5180ac28fde850a48d1ede28187f1998962753bd0bdbdea8.svg
GMO-Z,1294,Payments,Active,Stablecoin Issuance,"Stablecoin, Stablecoin",https://img.thegrid.id/upload/8cf3428e980cadc90f71e30a4f8e242bf98a92df145c2f48d0f2cf57cb0104b7.png
TipLink,1295,Payments,Active,Payments Infrastructure,N/A,https://img.thegrid.id/upload/72ab22e7d568cb3b0b35a64a586ae73e572c58f69995edae4b1ea7d63ef15102.svg
Solana Slugs,1296,NFTs,Active,N/A,NFT,https://img.thegrid.id/harvest/396e674ee1a25fd8e8d46ace4cb4244b2a3367ad9bb9fc6fe751896b59ea4e63.png
Solana Bear Gang,1297,NFTs,Active,Game,"NFT, Utility",https://img.thegrid.id/upload/4d7023a79bc4f1e9d7e0a1482c4473f3437d2c41959edb4fd27cb0b4712fcd9c.svg
Solarplex,1300,Social,Acquired,Social Platform,N/A,https://img.thegrid.id/upload/1e659ea00cfe72098794687227fd562dc27d218731a3b5bb831e8f59ce9dccbc.svg
Audius,1301,Media,Active,News & Media,Utility,https://img.thegrid.id/upload/b5cd641c2e9d081b4de12b48946070e664a8f7e70ee02a19f7209fed67c87813.png
CoinChef,1302,Finance,Active,Developer Tooling,"Governance, Governance",https://img.thegrid.id/upload/9f71e11f897176f715832dd0d7a1cd26dc9fa46037748798f00dbb5a07d1b6dc.svg
Underdog Protocol,1303,NFTs,Active,NFT Issuance Platform,N/A,https://img.thegrid.id/upload/cafd689d4025e9f6eb6057fa6fa301a8a320e067b7d56fd69b0fecfeb9ea1a2b.png
Solanart,1304,NFTs,Active,NFT Marketplace,N/A,https://img.thegrid.id/upload/557d5dd11d35341cefe30ca92bc70e2fa85f6f8ad0b7b713d9f910d1298a0b99.svg
BetDEX,1305,Gaming,Active,Gambling/Casino,N/A,https://img.thegrid.id/upload/7ea5e08f8ec7af1fd22179c1968b36494dd8f32afb55816fe2e732a066564c16.svg
Blockasset,1306,Gaming,Active,"Game, Game",Utility,https://img.thegrid.id/harvest/da671893ad240f0f31266c67109a3aa18d0ea74108d4ffa729f1c256b907e459.svg
Access Protocol,1307,Payments,Active,News & Media,N/A,https://img.thegrid.id/upload/467eec4360e3ae090dfb00d79ddb2df71d94a639798b1f4da2bce63185e54bc2.svg
Only1,1309,Social,Active,News & Media,N/A,https://img.thegrid.id/upload/aeb627baca42fb31c971958996001995c7d000f5e04827388b4862216b61c188.svg
Onocoy,1310,Infrastructure,Active,Oracle,N/A,https://img.thegrid.id/upload/82868b0bf6d72915dac8a40c4a32f2b892a49c5e6fba893a2c0e8f1c4b71a913.png
Shaga,1311,Gaming,Announced,Blockchain Gaming Infrastructure,N/A,https://img.thegrid.id/upload/2393f8caf8ad0832f3c0a65eb8e6bbbeefd04c5c8ebdb27a16c171bbba797bfd.svg
Beam,1312,Payments,Active,On/Off Ramp,N/A,https://img.thegrid.id/upload/a1fea0ce145e7614097ffebfb13b05f6e9c666699d70d6b4b561eb53c21f73cf.svg
MESO Network,1313,Payments,Active,On/Off Ramp,N/A,https://img.thegrid.id/upload/d79c45e2c37741567c4699933a73d44e0681594613334cfa90282c80cca5494a.svg
deBridge,1314,Infrastructure,Active,Messaging Protocol,N/A,https://img.thegrid.id/upload/0ae8c8f2a1d99e8c9daa160e9b0788d110af942557975d7cb5dee197500dc147.svg
Ironforge,1315,Developer Tooling,Active,RPC Provider,N/A,https://img.thegrid.id/upload/573d428f9d108ca1c0b2ffff54435a6797a1cc35233c87b1091af7f9c13950cc.svg
Switchboard,1316,Data & Analytics,Active,Oracle,N/A,https://img.thegrid.id/upload/ad4df613d4e03d0b612e5028f6bc8cb54a02012a3932942d1738b8bbb2f1b507.svg
Tinydancer,1317,Infrastructure,Active,Node Software,N/A,https://img.thegrid.id/upload/11dfa519ba95f5498c7e9481d9934b4fded43f5c2be34c13a4474c5f395ead37.svg
Magicblock,1318,Gaming,Active,Blockchain Gaming Infrastructure,N/A,https://img.thegrid.id/upload/a15f7b502cfca85eeb27440fdc5e7ed1d10183851b372f0e2d6ddf12353c6121.svg
Mantis,1319,Infrastructure,Announced,L2,N/A,https://img.thegrid.id/harvest/fd0ca0a3e3256c25ebbe50adad5d0361594780cf70ec9ffae0454068bdad67d6.svg
Solana Compass,1320,Data & Analytics,Active,N/A,N/A,https://img.thegrid.id/upload/16d5794c1f2e79a6a0a824f6826a7fb025e48b11e74d6d7e0e435abde4931ef6.png
Trojan,1321,Finance,Active,Trading Bot,N/A,https://img.thegrid.id/upload/5e0cf7245574f99776b854a83feead315bccc2bd2d2c041644b79494446324b6.svg
XP,1322,Social,Active,NFT Marketplace,N/A,https://img.thegrid.id/harvest/ac6a4fdb1bd1fd2b87557d2e736e6d9b867b878dbadf81979dac772f381ab976.png
GolfN,1323,Gaming,Active,Game,Utility,https://img.thegrid.id/upload/f5028750f2bed30b0baea839eb10251bf2e115c13c8e48deb4625303452ca254.svg
Light Protocol,1324,Infrastructure,Active,L2,N/A,https://img.thegrid.id/upload/4b3363a72bff757080b77ececc0534556b441cf8a7ee81cd989f8c773eca3439.png
ORE,1325,Finance,Active,Node Software,Utility,https://img.thegrid.id/upload/1d272a77466ea3deff1d1a48e957b1bd9340203ef201ece8263f646a50b70ff9.svg
Moonshot,1326,Asset Management,Active,Wallet,N/A,https://img.thegrid.id/upload/6ac176cde8932afe6d9f52b5bd64527ef0ddd6434d6d16ab17fbea1f708bf970.png
SkyTrade,1327,Finance,Active,RWA Tokenisation Platform,N/A,https://img.thegrid.id/upload/740d0432b36b08c24bc0e204552a95646646ecdb545a07f1700a706d1c15bc57.svg
Sonic,1329,Gaming,Active,L2,N/A,https://img.thegrid.id/upload/e78fb618c41b84659a09d76e189098702c50d35fa06126b2895324b21b68b4d5.svg
Tether,1330,Payments,Active,N/A,Stablecoin,https://img.thegrid.id/harvest/3adf09e0170c3e7d71f97877f4e0276fc55ec5fbc5b3005f00715ebaaaa61c1a.svg
Paxos,1331,Payments,Active,Stablecoin Issuance,"Stablecoin, Stablecoin, Stablecoin, Stablecoin",https://img.thegrid.id/harvest/4a7fe14875bb2fcdf515a36ca880f24fd51a448020bcb08cf3a0efce72b5d90a.svg
Moonwalk,1332,Healthcare,Active,Game,N/A,https://img.thegrid.id/upload/c3ce3c3da2c7651242587a32784fa522275f0d64fadf00375499da78d04cecaf.svg
Etherfuse,1333,Infrastructure,Active,RWA Tokenisation Platform,N/A,https://img.thegrid.id/upload/44990e32a7f1d914cd00e6a14131b41b2b5630db0cb54810e6c67bde57df7e74.svg
FarmTrack,1335,Finance,Announced,RWA Tokenisation Platform,N/A,https://img.thegrid.id/upload/36643dc027109a4164ef87afbc87142de41daeffea0732494a683fca8eda96e6.svg
Axiom Foundation,1337,Infrastructure,Active,Blockchain Gaming Infrastructure,N/A,https://img.thegrid.id/upload/ab4412f8a8d2bc196e9717d3aee382671d6b499d090ac57ebc7176946bcfbcc9.svg
The Monaco Protocol,1340,Finance,Active,Prediction Markets,N/A,https://img.thegrid.id/upload/74ea121d3607c6522f05fdde60f4c0ce23c50a61431afa8074978ebe6277977f.svg
Saros,1341,Finance,Active,Decentralised Exchange,Utility,https://img.thegrid.id/upload/e36d01f896c721579ee933942b85a04feae574b650774cb1474c82b821f7de7c.svg
Andrena,1343,Infrastructure,Active,DePin,N/A,https://img.thegrid.id/upload/6c64997291af1f0c54394e157ff90ebc093ec49e9c6a93b380816dc79a5e70ca.svg
Shyft,1344,Developer Tooling,Active,RPC Provider,N/A,https://img.thegrid.id/upload/49320eb2b913432bac4bd5c2296c53dc74747e87f79c8da0f6f9afdbddd73fe5.svg
Offramp,1345,Payments,Active,On/Off Ramp,N/A,https://img.thegrid.id/upload/5d4cd897471bfcf511be811b5d260db19c233c098ea4b0db93a1772becb27a8c.svg
Ethena,1346,Payments,Active,Stablecoin Issuance,Stablecoin,https://img.thegrid.id/upload/fea6d855ea8bd8ef2895bc70f3f7145723762cc73608f81aa7e608762ce56cdf.png
Hedgehog Markets,1348,Finance,Active,Prediction Markets,N/A,https://img.thegrid.id/upload/80f34a143a845157d45905d1a4029acc1691155e9ac14408fd7b4893b610b444.svg
stabble,1349,Finance,Active,Decentralised Exchange,Utility,https://img.thegrid.id/upload/a1f9271f61e61c911e2d35e23f25cee1b11c9e880e93b3942fa100094fb3ef46.png
MetaKeep,1350,Asset Management,Active,Custody Technology Provider,N/A,https://img.thegrid.id/harvest/ce656729bf782b2efe7f39beb892c9691f1a77b698ea589ac7eebe1aa84a43d5.png
Coinflow,1351,Payments,Active,Payments Infrastructure,N/A,https://img.thegrid.id/harvest/207617fc1f09d95439b41b986bb284eb78cd1aa0c6bd3a44b6b0037c80e24c29.png
Ensofi,1352,Finance,Active,Decentralised Borrowing & Lending,Governance,https://img.thegrid.id/upload/e3b57d57aa46a734206a037d1049b92326d9d21bdc6017aea7b250b7ff920d01.png
Cubik,1353,Data & Analytics,Active,Launch Pad,N/A,https://img.thegrid.id/upload/5564c1da263ad9ef08fa57c1142bf455eb0f3ff13e07ccdaa365660f708ce408.svg
DeCharge,1354,Infrastructure,Announced,DePin,N/A,https://img.thegrid.id/upload/bc6247dfcddec510ad36bbaabb154479751910f05c664a316c415cc4fbd87f79.png
Solana Name Service,1355,Infrastructure,Active,Decentralised Identity,N/A,https://img.thegrid.id/upload/98d02acf84bed24a0a3cb84e584511d00a26d10d1b8ea1813957c77442d06e90.svg
Copper,1357,Asset Management,Active,Custodian,N/A,https://img.thegrid.id/upload/a2615586056a64d32db35bdad41f81cdb8bf2336fc46f21dcdd9ee8f403a47bb.png
Anchorage Digital,1358,Asset Management,Active,Custodian,N/A,https://img.thegrid.id/upload/3eb2b2675d7796b28c2cf2aec730460bf238262e17fbdae4ac8dde042b8bff7c.svg
Fireblocks,1359,Asset Management,Active,Custody Technology Provider,N/A,https://img.thegrid.id/upload/52971ff83aed014e645bf26d661c18c0c5b956eee5d00d8f35800d5f80beea2b.svg
Komainu,1360,Asset Management,Active,Custodian,N/A,https://img.thegrid.id/upload/1a7fb4ca8ee7d79af7892a1f210fe03318d7ca090438c8384d4459b0d33684df.svg
Hex Trust,1364,Asset Management,Active,Custodian,N/A,https://img.thegrid.id/upload/abe48979de7c7971689d017477eb58ce1e7401e6eec63c9e87b2e30b937a65d4.svg
Solana ID,1366,Infrastructure,Active,Decentralised Identity,Utility,https://img.thegrid.id/upload/2b53dfbf34d60390566fd95ca0f361e2c23a6ad984324161cfa9f8821203e61c.svg
375ai,1367,Infrastructure,Active,DePin,N/A,https://img.thegrid.id/upload/2191dfcae743281a797783084e244ec2d1daf90ce389478979e3faea11fea2c1.svg
Infinex,1368,Asset Management,Active,Wallet,N/A,https://img.thegrid.id/upload/b2300438b9b360e506842e8b795c3f71c6249f7dd9262ee2b77c3238f425fb6a.svg
gmAI,1370,Infrastructure,Active,DePin,Utility,https://img.thegrid.id/upload/8def7a1eba66f1a43cfab9e220c1e896386f675877d63072884dbdf790faa8f9.svg
Smort,1371,Finance,Announced,Prediction Markets,N/A,https://img.thegrid.id/upload/4dc723de353640cf76d7f863217f68a94c079af881768dfeeec13fdf8b9c6696.svg
CoinGecko,1372,Data & Analytics,Active,Digital Assets Terminal,N/A,https://img.thegrid.id/upload/9a192e18bdc71a097372f9e202c0378d8bbc5915cfa2637870951849af93591c.png
Keystone,1374,Asset Management,Active,Hardware Wallet,N/A,https://img.thegrid.id/upload/9b02c011237d02ca0aba4e617c0ccddfa4674358f5f8eed7755d58ecedb6a587.png
Truffle,1375,NFTs,Active,NFT Issuance Platform,N/A,https://img.thegrid.id/upload/6f93261ccfac5c7495f30d2ea1b22850f87268b4add27e087749b5131a517325.svg
Wysdom,1377,Developer Tooling,Announced,Developer Tooling,N/A,https://img.thegrid.id/upload/35b1ba02b19050c794c8839571ba90f0db5f44a5fa5390f52b64c60c3c7a4a68.svg
MixMob,1378,Gaming,Active,Game,Governance,https://img.thegrid.id/upload/351caf60e46a52f6656a75e4ee7e5110bed87a13d7b68242db9be07cf659f1ec.svg
WalletConnect,1380,Developer Tooling,Active,Cross-chain Infrastructure,N/A,https://img.thegrid.id/upload/8d4944b8515533cc2859ae75ef02c3afd7eef0f1155cb7bee08484554d2b2e8a.svg
Nansen,1381,Data & Analytics,Active,Digital Assets Terminal,N/A,https://img.thegrid.id/upload/148264d92467eb55a9403a7440142f15cc87d77111934fe9b48fc6944a1cd55d.svg
Dune,1382,Data & Analytics,Active,Digital Assets Terminal,N/A,https://img.thegrid.id/upload/9edb146f35524dbc72dab43184bd0985e9cdc5eef95fd4c38d2a3b1eba940e9e.svg
Stripe,1383,Payments,Active,N/A,N/A,https://img.thegrid.id/upload/692cbe60b3ccb747e16c52f360311c8dd265a9cca3b45490f13318955008e436.svg
Netrunner,1384,Finance,Active,Digital Assets Terminal,N/A,https://img.thegrid.id/upload/d4f7b2b93da78f8d605856d453822ce80d2f87f1cc36d264292ea0340193eae3.svg
Syndica,1385,Developer Tooling,Active,RPC Provider,N/A,https://img.thegrid.id/upload/3af599ff022cc17d4170e10a8c6b6c34e313165ec56747979d2d41c0daf33594.png
Blockworks,1386,Media,Active,News & Media,N/A,https://img.thegrid.id/upload/cd97c6213194cffabf34761d1707a9275f4132c4b34beb4aed7899919f11084d.svg
Chainlink,1387,Infrastructure,Active,Oracle,N/A,https://img.thegrid.id/upload/d4bcdea7c5387e3ac96409c928b39d4ec1a752ff76d1a8cafbd1f8cfbc3bb65b.svg
Crema Finance,1388,Finance,Active,Pool Software,N/A,https://img.thegrid.id/upload/ebb24761ed6ea115fa80b18193bcdd2b1ae78dcfa1b0e3bf17f8a408a3e5a78e.png
TRES Finance,1389,Finance,Active,FinOps Tooling,N/A,https://img.thegrid.id/upload/43401a2318bc40505feecaf65a3e0a81c04c906394ee979767b09421756c226d.svg
Mallow,1390,NFTs,Active,NFT Marketplace,Utility,https://img.thegrid.id/upload/b10a26abbf556b7e5080333a75e620f9c14f30224e0fe26b1bfb39af142f6f88.svg
Web3Auth,1391,Infrastructure,Active,Developer Tooling,N/A,https://img.thegrid.id/harvest/743064841b515711df15842ac64fb5b3e4f3ee3cf7b193ea1d6e4ffa4851175b.svg
Nest Wallet,1396,Asset Management,Active,Wallet,N/A,https://img.thegrid.id/upload/4ce61c3469a13b18ef08cf32fa6d14beeff7428e9301fdae7f623cd191860aab.svg
FrodoBots,1397,Gaming,Active,Internet of Things (IoT),N/A,https://img.thegrid.id/upload/96d10f847cd698a3ff817db4f9ace97c5407c30f9d5e6c7987e79c147d19735e.svg
Blockjoy,1398,Developer Tooling,Active,Node Software,N/A,https://img.thegrid.id/upload/bb4f3d81bf6923483527ca0566ff00bc59bf61e3a1e0e9d027e4141201059c9e.svg
SideShift AI,1399,Asset Management,Active,Decentralised Exchange,Utility,https://img.thegrid.id/upload/1b3ff2e9db1f42dadca9d008ea010b69bf5c2e0a0b2e8ff58f7f12e18bf352eb.svg
Bybit,1400,Finance,Active,Centralised Exchange,N/A,https://img.thegrid.id/harvest/4a8703a3e6375d10421559ba14743ec409553b1f3a16f9b9aede0f357d3e182c.png
Super Phoenix DAO,1402,Metaverse,Announced,N/A,"Utility, NFT",https://img.thegrid.id/upload/eee55f51741f02495bd9dc0cefc3c44d62150211d81641dc7569e9ba4324e116.png
Player2,1404,Gaming,Active,N/A,"NFT, Currency",https://img.thegrid.id/harvest/3965b33a13d940bacf0247ae08fe831f09d959ab04cd650a6c753717b54b64c0.png
Incredibuild,1405,Developer Tooling,Active,Developer Tooling,N/A,https://img.thegrid.id/upload/21dc74494e2e6597679f73bcabb64e14514276e6729bbda90f142f5700e6ad70.svg
RockawayX,1406,Venture Capital,Active,N/A,N/A,https://img.thegrid.id/upload/2b94b74f866f2ce3ede375ab3142901d0f907a323c4cc19a46d43af0d47892fe.svg
Primitives,1408,Social,Active,Social Platform,N/A,https://img.thegrid.id/upload/184f4f495d0b1a189f6f8badb96b4e8ea6c29f9e26d7b4343adddf25d142cb66.png
MonkeDAO,1409,NFTs,Active,N/A,"NFT, NFT, NFT, -",https://img.thegrid.id/upload/5e592f1c4c9e3436e51c4813e9d4584f3f5544759001f3d6e512f1f4ff01f707.png
Smithii,1410,Developer Tooling,Active,Developer Tooling,N/A,https://img.thegrid.id/harvest/91bf8c8b333d58c217305c6ea2ee3f4ddeacdcb3945f619988845aa31ff8f450.png
OKX,1412,Finance,Active,Centralised Exchange,Utility,https://img.thegrid.id/upload/505863b60b122a7f40894f844a7381a74ce125b5299f0c9d9976cfe90d9c9ddf.svg
Gauntlet,1415,Infrastructure,Active,Risk Assessment,N/A,https://img.thegrid.id/upload/5d29c779614893eaa3f8c09176f608b992b97bcf95d8ffbf8c8dc7d3e10da0f3.svg
Fordefi,1416,Asset Management,Active,Custody Technology Provider,N/A,https://img.thegrid.id/upload/485ab7aaf309b2d01c9c4ecfb471a610ed14344f5f948e5317d676a95ab736e7.svg
Moonboi Universe,1418,Gaming,Announced,Game,Utility,https://img.thegrid.id/upload/4d645fc6578ab217664ab1ae3d674cc004a61113197d38ccec61e896ce0eac0a.png
Photo Finish,1419,Gaming,Active,Gambling/Casino,Utility,https://img.thegrid.id/upload/e9e078a4695b30abc6902fcbfec5dd597555c4c6007646a3a6fb50c72c75f99b.svg
Earth From Another Sun,1420,Gaming,Active,Game,"NFT, NFT",https://img.thegrid.id/upload/f4d670f5da30b7b8d97bfa53d176dbb393e133565c65edcc42e059b6028546c3.svg
Sleepagotchi,1421,Gaming,Active,Game,N/A,https://img.thegrid.id/upload/98e3ce96386159141db2649b9b8fb23d4eaf93f80e93f4b728fbbcc80862942d.svg
UNKJD,1422,Gaming,Active,Game,Utility,https://img.thegrid.id/upload/7851205807ad3ff47eb17585180b5730646a787865d7240c6e60e09b8f31142d.svg
Valannia,1423,Gaming,Active,NFT Marketplace,NFT,https://img.thegrid.id/upload/b68a738db3a8d9b098c1206322e241294e0383863b11184db4e4a5c8fb129a70.png
Chillchat,1424,Gaming,Active,N/A,Utility,https://img.thegrid.id/harvest/700c39b7240bfb051c18497bd07c482b11cf236299c1685218bd12005301c384.png
Elixir Games,1425,Gaming,Active,Explorer,"Utility, NFT",https://img.thegrid.id/upload/64c6b487b248c8f2e6327c1232223bc8b2ba2ead5a37f9ba2d0aada1d1906a79.png
Block Logic,1426,Infrastructure,Active,Staking Infra,N/A,https://img.thegrid.id/harvest/ee0fa2208776c519c48d57bd2a7d048f94bbd797618fb4ac052f838ec665eb5d.png
Civic,1427,Infrastructure,Active,Decentralised Identity,N/A,https://img.thegrid.id/upload/e6bbfe54cfe638c5c6c9a847571f512387b1c278fc333868aebfcdbda757b47d.svg
Compute Labs,1428,Infrastructure,Announced,Compute Network,"NFT, Utility",https://img.thegrid.id/upload/956bb75ff70e10da806e39234ea6ddfbc562c56ed4de378b3531cbdeceb6e059.png
Cudis,1429,Healthcare,Active,Internet of Things (IoT),N/A,https://img.thegrid.id/upload/271f6b598885d8021827b998c7bfbacddac17c7112efa029622b9b6730d083f7.svg
LayerZero,1431,Infrastructure,Active,Cross-chain Infrastructure,Utility,https://img.thegrid.id/upload/4fabfbb154ee895f04669758dca126a7be86255e328861b99e0767779e423afe.svg
The Tie,1433,Data & Analytics,Active,Digital Assets Terminal,N/A,https://img.thegrid.id/upload/0eb97e5cb1c8aecf9a2eb6f4d1d41ff06aada5dc61ff5ca8642cec0ba9c9240f.svg
Anagram,1436,Venture Capital,Active,Developer Tooling,N/A,https://img.thegrid.id/upload/dfa466d693a23a10b4a37908dd1cfcb2e7964294fb75daaba82ad94974c178a1.svg
Magna,1439,Finance,Active,FinOps Tooling,N/A,https://img.thegrid.id/upload/f2f4aca65077480b582ef924c15611107871be587a6089ded8cb97de021e6ca1.svg
Lavarage,1440,Finance,Active,Decentralised Exchange,N/A,https://img.thegrid.id/upload/6816013b2d24fce5728cb90580a83dbcd9b22745b2b44d9b5c9ba9f03da330c8.svg
Matrica,1441,Asset Management,Active,Social Platform,"NFT, NFT",https://img.thegrid.id/upload/d2cdb3fce4a2f044a6d90cf0127f6f418f6e79b40a768bee343e7f5cb2cd7d8b.svg
Crypto.com,1443,Finance,Active,Centralised Exchange,Utility,https://img.thegrid.id/upload/92840a478da0a66a2db7a7c35d62fc59228b993607e296829c92d549c86e708c.svg
Echoes of Eldoria,1444,Gaming,Announced,Game,N/A,https://img.thegrid.id/upload/a7a92ab88f70804212a9aacd66ee27591461fe052dc5955341b7f8c03a1c9727.png
RateX,1445,Finance,Active,Decentralised Exchange,N/A,https://img.thegrid.id/upload/4068e49b4284e5dab9737719efdfbe91a57fdd1ab90a233c37d2d5fd91346f03.svg
Buddy Link,1446,Social,Active,Social Platform,N/A,https://img.thegrid.id/upload/b75bb78058a1eb68e287faf207d15d458afaf3f58db4ccb843e4e24ef1072238.svg
Gem,1453,Asset Management,Active,Wallet,N/A,https://img.thegrid.id/upload/c0bbee90bf8414dca004d52c1440f626c99a7dc1fca69b70940fb5beb82707c8.svg
Banx,1454,Finance,Active,Decentralised Borrowing & Lending,N/A,https://img.thegrid.id/upload/f63d1a379699ea0601ac19731f74d32b255bf00b10e3fca1ba8717b2d42136c6.svg
CryptoRefills,1456,Payments,Active,Payments Infrastructure,Digital Reward Assets,https://img.thegrid.id/upload/84250a9ea34805adaac38c74725522c013f23593c39128b2e3e3c391b1a6212a.svg
Flip.gg,1457,Gaming,Active,Gambling/Casino,N/A,https://img.thegrid.id/upload/cb6f5d08eb1943b43e034951435457a56b8dfcee81fa59abf50733aca608c5bb.svg
Coinhall,1458,Finance,Acquired,DEX Aggregator ,Utility,https://img.thegrid.id/upload/dbe1cbaea1dee21f64afd5c0884a4f954a8e43a5382046125e56583efa28459c.svg
Purebet,1459,Gaming,Active,Gambling/Casino,N/A,https://img.thegrid.id/upload/e73a960d2c3488142c35f5a2079de79faacd4d970ead30664f94f95093c7d27e.png
Polyquest,1460,Finance,Active,Prediction Markets,Utility,https://img.thegrid.id/upload/6328122c5d93f3445418caf28747554a9b9dc4ca0ae3994c20f5957635a69635.png
JogoJogo,1461,Finance,Active,Prediction Markets,N/A,https://img.thegrid.id/upload/a473c02e9c95c9f8e1251db9652bf4d935020b5cc6a0401c84e9c739f6116629.png
YutiBot,1462,Data & Analytics,Active,Trading Bot,N/A,https://img.thegrid.id/upload/d1bdfbd465f59382611d3f93091c46fb7c885859fc97326a46223ac04fb0fe71.svg
blnk.fun,1463,Finance,Active,Launch Pad,N/A,https://img.thegrid.id/upload/b640afacfd4e541e26df6082551cb70d85777b2a26023d1c052a333f484650eb.svg
Meme Royale,1464,Meme,Active,Launch Pad,N/A,https://img.thegrid.id/upload/b7c14dd82a9c4b1f5aad9f0f991d0c2e37de905f4737aad3563fa928bce43340.svg
.blink,1465,Social,Active,Decentralised Identity,N/A,https://img.thegrid.id/upload/d4ebdfde9fd0e259a9a230b50c08280320361e3d56b0df2453d1e052661730aa.svg
AllDomains,1466,Infrastructure,Announced,Decentralised Identity,N/A,https://img.thegrid.id/upload/2d7b26e1abf142fd9145a161d6720444bdbe524e6e097f92f62a587018446c30.svg
Blurt,1467,Developer Tooling,Active,Payments Infrastructure,N/A,https://img.thegrid.id/upload/fa0efd898b1fb800f25965a00f07fc74ad1cef87ed42b7cab809fb1f878ab78f.svg
CandyBlinks,1471,NFTs,Announced,NFT Issuance Platform,N/A,https://img.thegrid.id/upload/d5d0d206880dfc9caade5772d09260e1735c01131b68dfb14d328a58cd513699.svg
Blinks.gg,1472,Developer Tooling,Active,Launch Pad,"Utility, NFT",https://img.thegrid.id/upload/dcbc8860277e640fbff8a3db0e1653ea1af80f724dcc6f869dbd5e0a8540cb9f.png
CoinTool,1474,Developer Tooling,Active,Developer Tooling,N/A,https://img.thegrid.id/upload/d0edd68bc193c8235a1ca8113895941ecb875e245066b608dc0a154f2b87acbf.svg
Don't Forget To Blink (DFTB),1475,Data & Analytics,Active,Digital Assets Terminal,N/A,https://img.thegrid.id/upload/9033a0a309684fe3c032e344473589eb39b0700232b3f67605cb22a64a88284f.png
BlinkFans,1477,Data & Analytics,Active,Digital Assets Terminal,N/A,https://img.thegrid.id/upload/d0adeaae5606b47940133ffe21090c6ae5727aad9bfa108fb92d5155f84e9b08.png
ClickCrate,1478,Developer Tooling,Active,RWA Tokenisation Platform,N/A,https://img.thegrid.id/upload/6ef3e7c946443708730c097ebab82762e52d7c3a95dea76aa3e21f75e1ac37e1.svg
Blinkify,1479,Developer Tooling,Announced,Developer Tooling,N/A,https://img.thegrid.id/upload/70f139652bbb7f008f827cf29914f4f2b5c67a8adb00ddf2addb15137e45408d.svg
Torque,1480,Media,Active,Social Platform,N/A,https://img.thegrid.id/upload/e90987cd7b2849fd6b52f77bd3be9c6f5926180a75eb8560bd4f50d13e2f667c.svg
Yona Network,1483,Infrastructure,Announced,Bridge,N/A,https://img.thegrid.id/upload/45ea5c09e8cf27fd4b050299220a333ba1a5e6dd401691fbfce88e90f114fe0d.svg
Soon,1484,Infrastructure,Announced,L2,N/A,https://img.thegrid.id/upload/eb1bd624c1bed13e948c23830434eea4678012712b6a11fb5ce92390f5bc7e9e.svg
Texture,1485,Finance,Active,Decentralised Borrowing & Lending,Digital Reward Assets,https://img.thegrid.id/upload/4cf38a6ba7affa970f2f11d609456e30c62bc0fd4c7d393a9c9b65c6b2a1b5ba.svg
Grape,1491,Social,Active,DAO Management Platform,Utility,https://img.thegrid.id/upload/2d9f89e2dbc8b9d1d9aa2c151639cca8e4325d7fae72ed7f50743185eb7c311f.svg
Fleek,1493,Infrastructure,Active,Developer Tooling,N/A,https://img.thegrid.id/upload/c1fa21360632e6f2aa1f41cc7b4a06a4d8036bcf5c7fe29ca68818b8c15ecba6.png
Heavy Duty Builders,1498,Community & Events,Active,Venture Services,N/A,https://img.thegrid.id/upload/68bfbafb93e400d17c153bd7cb8125e50ad40a21b51bd2152fe18420b601a5c2.svg
McSwap OTC,1499,Finance,Active,Decentralised Exchange,N/A,https://img.thegrid.id/upload/778c6dd5d5c585dbc856ec29fc171ffd104b79d24ea0dfa760c9fff8e7baeae0.png
Securitize,1509,Finance,Active,Centralised Exchange,N/A,https://img.thegrid.id/upload/62f7c674383be63eff38c81299453c714826464e6bd75a72f13e3f22e63c37bc.svg
Doodle Devils,1512,NFTs,Active,N/A,NFT,https://img.thegrid.id/harvest/6ca654b1838b30ed8adf95d3eecf9d68fea71a8649a298288806f48a3ea8e85a.png
Moongate,1514,Blockchain Platforms,Active,Cross-chain Infrastructure,N/A,https://img.thegrid.id/upload/d7f1f3041a1b879215bfc5868cc5f8cf3f1c43ad722a596aa5ecdab543a73f2d.svg
Honeycomb Protocol,1515,Developer Tooling,Announced,Blockchain Gaming Infrastructure,N/A,https://img.thegrid.id/upload/d12fc5ae4e753f4f9689e72d572dbd6def22421de0c49b2cd970b253082d9b8a.png
LivingIP,1519,Social,Active,DAO Management Platform,N/A,https://img.thegrid.id/upload/619327e64250a5fab07105e573525667c101e490b61ae2df156271ef46498f22.svg
Street Mint,1520,NFTs,Active,NFT Issuance Platform,N/A,https://img.thegrid.id/upload/067078542992cfa4d5bb4f3d69efe5926ebb0b6cbdd921c9d9fee228449dd652.svg
Vorld,1521,Metaverse,Announced,Game,NFT,https://img.thegrid.id/upload/171fefb3552b078f3dc837158dad41af56f517bd9f939dd7b377a8848b2cbd45.svg
Certik,1546,Auditing,Active,"Risk Assessment, Risk Assessment",N/A,https://img.thegrid.id/upload/58a616b7730ee4a179e343d304853065e9debfe7114d5bd7774a8a75a878fb10.svg
InfStones,1554,Infrastructure,Active,Node Software,N/A,https://img.thegrid.id/upload/9ea41826c39341fde450cf2075fce80490a5430ccf12e3995ddc06d13b0d0bd0.svg
Fuse Wallet,1576,Asset Management,Active,Wallet,N/A,https://img.thegrid.id/upload/3204a606159ff567704822d7f589c13658b3aa2288043bfea4dddc9dd4dee7f0.png
Chainvest,1579,Finance,Active,RWA Tokenisation Platform,N/A,https://img.thegrid.id/upload/95c6d57006823e75399d6735d848adbd90405d5517fcc17ad4569edf4a1bc4f5.svg
END Corp,1581,Science,Active,DePin,N/A,https://img.thegrid.id/harvest/8fa98b965a36476d6f5be7a428ccea9a5f82d9867da460fb00d004bbd817cdbc.png
Bizzed,1582,Finance,Active,Venture Services,N/A,https://img.thegrid.id/upload/09bcff8d5d8d0b7e7c55276e41252d7c427afe42f5f39a7580d0bcafd221677e.png
Starpower,1583,Infrastructure,Active,Node Software,Utility,https://img.thegrid.id/upload/b816047776ee07c7584322ac84289848f903352c455307f2bb041053da230fd2.png
Capsule,1584,Infrastructure,Active,Developer Tooling,N/A,https://img.thegrid.id/upload/d045deea885a83503b4c43845990885dc34a48009a041094550fd20c506cbcaf.svg
6th Man Ventures (6MV),1585,Venture Capital,Active,Venture Services,N/A,https://img.thegrid.id/upload/aa38ca8e0b6f4a8e40b16acb01981eb8cc462bf694431a95b8b2e8a0506a58e2.svg
Framework Ventures,1595,Venture Capital,Active,Venture Services,N/A,https://img.thegrid.id/upload/c3af4f9aa332809e8f4bf49d40f1ed5b7af8d5d6a923f76518b05b00e0ece6e1.svg
Electric Capital,1598,Venture Capital,Active,Venture Services,N/A,https://img.thegrid.id/harvest/6558982e9a795abc73806371a04288b0eb14d326b7f8bbbecba61a11caecd1c1.svg
The Graph,1600,Data & Analytics,Active,OnChain Data API,Utility,https://img.thegrid.id/upload/82b09581fe5ff521e42dc5009ab5d2ff4c25b91f68ee128c45ee1380037a729b.svg
Google,1601,Data & Analytics,Active,Developer Tooling,N/A,https://img.thegrid.id/upload/ed16e88b25bc4ca874ce4e7e890c79c7dc706d1dc0301048355f9feaa91a06be.svg
Hyperlane,1602,Infrastructure,Active,Bridge,N/A,https://img.thegrid.id/upload/0e25312e1d80bb11d578072b20b6577015379fca259fd9755ba186c2abcc95d9.svg
Lightspeed,1603,Venture Capital,Active,Venture Services,N/A,https://img.thegrid.id/harvest/fd664195fa60ce0d84e6d4941790ed2d43c68ef8bb391d16d158cfd560f2ff45.svg
Taxbit,1604,Service Provider,Active,FinOps Tooling,N/A,https://img.thegrid.id/upload/2fc3da593f8be314ee399b055ae157d408088fb3a499173e0903270b85954ef5.svg
CoinDCX,1605,Finance,Active,Centralised Exchange,N/A,https://img.thegrid.id/upload/db8c5d575c86e393ffe0882aa5f66586c32076bcc6a5676ed71bdad9d7fd4b5a.svg
Flipside,1606,Data & Analytics,Active,Data,N/A,https://img.thegrid.id/upload/9728e480a8efa19e62a0bcef484c7bdd8582e221a2984bd393e5e2cd33ab3341.svg
Cyberscope,1610,Security,Active,N/A,N/A,https://img.thegrid.id/upload/dba3141ba2e413e25ec63661ebe725f1089c277e980e7f4d3e071d43ce1d5f67.png
RareSkills,1615,Service Provider,Active,Service Provider,N/A,https://img.thegrid.id/upload/5d31f41712b356e5bb1d0f6bd5f35ea8b9c6d008773c4763b194f41dee5ed1de.svg
Token Terminal,1616,Data & Analytics,Active,Developer Tooling,N/A,https://img.thegrid.id/upload/c5c35926bd9536799336e8b87e87bf225e1b6f313577af21b02eb0f8a2300a36.svg
Blocksmith Labs,1626,Developer Tooling,Active,Explorer,"Utility, NFT",https://img.thegrid.id/upload/7a740f091fafa3733a5065bc2c5bf39b174656f05c34aa71fdc6c2f6536ea1cb.svg
Pulse,1627,Healthcare,Announced,Internet of Things (IoT),N/A,https://img.thegrid.id/upload/358770817a0f78713285f78d4efd94c876386dddc326a7897a80794eec877e40.svg
Brale,1628,Finance,Active,Stablecoin Issuance,N/A,https://img.thegrid.id/upload/cd476d0506b04c085f28fa3dc72bb9a5a3b16372b44116964c86f9ae2438f7d8.svg
Frictionless Capital,1629,Venture Capital,Active,Venture Services,N/A,https://img.thegrid.id/upload/84e5fb2d62943d1ade73ac28a509a74ea3164bd4f0c2414ae870f4ba08db5569.svg
Banana Gun,1633,Finance,Active,Trading Bot,Utility,https://img.thegrid.id/upload/7f39bc163b6a4561a28ccdde329a2b0b05bfac469198bad37188e9aac28f6270.png
Sollinked,1643,Social,Active,Social Platform,N/A,https://img.thegrid.id/upload/f582933a91bf1649d0fe08455d1474a6da0cfa510d63d959072cd5a06075c393.png
Werate,1646,Social,Active,Social Platform,N/A,https://img.thegrid.id/upload/af4f90e52284c48dc55f168fadb9ba9b273c1d2ed4806b1ae8d20c866efc81e3.svg
Hadeswap,1648,NFTs,Active,Market Maker,Governance,https://img.thegrid.id/upload/a4a286178c1694ebb31e5eae2d79ebe4da0af396847d5046556ca59dba46d64c.svg
Solstis,1649,Data & Analytics,Active,Explorer,N/A,https://img.thegrid.id/upload/e1f68c064a49650678d301bab7bb7aed4bebd7fcd52c0dc606d82e1135056ee5.png
Cryptoslam,1650,Data & Analytics,Active,Data,N/A,https://img.thegrid.id/harvest/8df32aa35d3ca5851a864335b8b7c59d4ba20d33e5468e5fc0f4b98fbe91be19.png
Airdropped,1651,NFTs,Active,Explorer,N/A,https://img.thegrid.id/upload/d848daa96a19115a08aebcb20f6f3e6eedc729ee321b1136c990265fffa736fa.png
Solchat,1652,Social,Active,Messaging Protocol,Utility,https://img.thegrid.id/upload/983de3238a81eff50a8ccfb8ae07f1672199971193ea5f674232d14d6c7f7d6b.png
Onramper,1653,Payments,Active,Payments Infrastructure,N/A,https://img.thegrid.id/upload/f52d7bd3bad2cd16aa919ee0cd7a8057de415f037229cf69c538ba61ca52ffeb.png
Meegos,1654,NFTs,Active,N/A,NFT,https://img.thegrid.id/harvest/0b20d0f5646ad27d0e6c04a24005bf6e70442fa96c168aeb957057cd373ea4af.svg
Smyths,1655,NFTs,Active,Staking Infra,NFT,https://img.thegrid.id/upload/8f525efd72a8ce66ca9b69f930c22cd7d075799a7d32a8e73234c3e9b9d91171.svg
Zelo Finance,1656,Finance,Active,Yield Aggregator,N/A,https://img.thegrid.id/upload/8279951a939b3f9cc0d1c12f691be87c93d970137a927ab7db103f4e30073b82.svg
DeGods,1657,NFTs,Active,N/A,"Utility, Utility, NFT",https://img.thegrid.id/upload/7323f73a62dc6224ff13bae0a196ee0ea8576a31f147d9827a9f3013faece6d5.svg
BONKbot,1658,Finance,Active,Trading Bot,N/A,https://img.thegrid.id/upload/494431de152227087f2914fe7aa3bcc2affed24084c9f1c7aea95e26364faaba.svg
Aleph.im,1659,Infrastructure,Active,Compute Network,N/A,https://img.thegrid.id/upload/9e3336c254817fde7d48a4f249d2b943a03593e8dff8e81969afd4f698e69e5b.svg
Dandies,1662,NFTs,Active,NFT Issuance Platform,NFT,https://img.thegrid.id/harvest/6662d35801bae607192747b8a9a3c456a96277a87b328d5cb56b2995dad7c946.svg
Dust Protocol,1665,Payments,Active,N/A,Utility,https://img.thegrid.id/upload/5982f39bd0863a6f69c624e2b3167ce6f5ec6f6fde60ccfeba2d5605ad673d70.png
Crowny,1667,Community & Events,Active,Social Platform,Currency,https://img.thegrid.id/upload/0de9ad9f6cb34d0a0aaebbfbfb9b1ca63c80a84efa12b5c5d0b12e4540e3c2b3.svg
Synesis One,1672,Data & Analytics,Active,Data,Governance,https://img.thegrid.id/upload/fb887e24e3b7eef5c5c1a90fee936f032c6283821a211350adfb529c9e3a6188.svg
Sec3,1673,Security,Active,Risk Assessment,N/A,https://img.thegrid.id/upload/e2f34c82968f3f3ecde6bb91829bd19f707778ec6978b1051a3d63935d6494af.png
Align,1675,Community & Events,Active,Social Platform,N/A,https://img.thegrid.id/upload/2d88a2f0a01cd3adfd5f88e38d75ce3d8d61f3e304399b3810b78974a247f5f3.svg
Solscan,1703,Data & Analytics,Acquired,Explorer,N/A,https://img.thegrid.id/upload/b69e6b2f24893d074b22cccb4c51aeb01b237f9a7585abcbc6f04008fca9cb51.svg
Arcium,1704,Infrastructure,Announced,Compute Network,N/A,https://img.thegrid.id/upload/e7366fc6b5e94d01a6a8386cf158f311bcf321fa2112a12f51dab4691406eb11.svg
DAOs.fun,1706,Finance,Active,DAO Management Platform,N/A,https://img.thegrid.id/upload/72da31eec8771678ca8cdf7dbefcab5dc0fd1e5b8a2f514332396afc6f5a918b.png
Serenity Shield,1708,Security,Active,Service Provider,Utility,https://img.thegrid.id/upload/b6cd8360a6f39ee13d142f782ea9720deacbeb70d20958dc804d2fbd1be37b17.svg
Flagship,1709,Finance,Active,Service Provider,Utility,https://img.thegrid.id/upload/5b68b1b8654ca8bf3e9477b536dba63d8ca669e70655f4e157d5a9437815f8a2.svg
Powerledger,1713,Asset Management,Active,L1,Utility,https://img.thegrid.id/upload/d0e71ba7b68f76673b5c95aa06b7dd4a81a34f46d12418b8741cb61721bb8c73.png
Okay Bears,1714,Social,Active,Social Platform,NFT,https://img.thegrid.id/upload/1f7fb55ee868006db868e11630f18c825f461e35f85814e3c3e335eb4e636124.svg
NovaDEX,1716,Finance,Active,Decentralised Exchange,Governance,https://img.thegrid.id/upload/651cd2d2de3255fab9512085955b56d4ee0f4f1385bf7eacbb603c51fc02af1c.svg
Integral,1717,Service Provider,Active,FinOps Tooling,N/A,https://img.thegrid.id/upload/2d78ecc746e9cd1af583ee1ef9a2842becb366043776535cd173dfdcc971d67f.svg
Jumper,1718,Finance,Active,DEX Aggregator ,N/A,https://img.thegrid.id/upload/3ebf0312f1828cb944501916010010a9e6fc97ea590450f7de66585fb260d5a8.svg
Chomp,1720,Gaming,Active,Social Platform,N/A,https://img.thegrid.id/upload/c17d5a545a751530b6ccf6a4a7458467b9429a87f83bba2df1ff9e165b05a9fe.svg
Solforge,1721,Infrastructure,Announced,Cross-chain Infrastructure,N/A,https://img.thegrid.id/upload/987aa28b57bf937890c7ee84b52369da56fe572cc613d822436a52d3dab63ec7.svg
Tapestry,1723,Developer Tooling,Announced,Developer Tooling,N/A,https://img.thegrid.id/upload/2f0b47674dc892a99d02d33aba25d9da36d4f02b3e282df600de9f91be4dc84a.svg
Atlas,1726,Blockchain Platforms,Announced,L2,N/A,https://img.thegrid.id/upload/8534a1e29cd146a0d449522bacbdfccb75c2f7a84e4aac4640ba58fbfdb50028.svg
Fragmetric,1728,Infrastructure,Active,Liquid Staking,N/A,https://img.thegrid.id/upload/ff2d3da41efb3b15b28a2b25432c90310bd256ddf91c1d234f866d31cc8966e0.png
Solana Floor,1729,Media,Acquired,News & Media,N/A,https://img.thegrid.id/upload/b307d70bf38298a3ca458c5d94904cadd6ce90f980e600759f298271b492d67b.svg
